,sector laitude,sector longtitude,Shooting_PRECINCT,Shooting_JURISDICTION_CODE,Shooting_LOCATION_DESC,Shooting_STATISTICAL_MURDER_FLAG,Shooting_PERP_AGE_GROUP,Shooting_PERP_SEX,Shooting_PERP_RACE,Shooting_VIC_AGE_GROUP,Shooting_VIC_SEX,Shooting_VIC_RACE
0,40.52435725,-74.19206283999999,123,0.0,PVT HOUSE,False,25-44,M,WHITE,<18,M,WHITE
1,40.535002000000006,-74.22555742,123,0.0,,True,65+,M,WHITE,65+,F,WHITE
2,40.535002000000006,-74.21439256,123,0.0,PVT HOUSE,False,25-44,M,WHITE,25-44,M,WHITE HISPANIC
3,40.535002000000006,-74.18089798,123,0.0,,False,25-44,M,WHITE,25-44,M,WHITE
4,40.54564675,-74.23672228,123,0.0,,False,25-44,M,BLACK HISPANIC,18-24,M,WHITE HISPANIC
5,40.54564675,-74.21439256,123,0.0,MULTI DWELL - APT BUILD,False,25-44,M,WHITE,<18,M,WHITE
6,40.5562915,-74.21439256,123,0.0,,False,,,,18-24,M,BLACK
7,40.5562915,-74.19206283999999,123,0.0,GROCERY/BODEGA,False,25-44,M,WHITE,25-44,M,BLACK HISPANIC
8,40.5562915,-74.18089798,123,0.0,,False,25-44,M,WHITE HISPANIC,25-44,M,WHITE HISPANIC
9,40.5562915,-74.16973312,122,0.0,PVT HOUSE,True,25-44,F,WHITE,25-44,M,WHITE
10,40.5562915,-74.11390882,122,0.0,,False,18-24,F,WHITE,18-24,M,WHITE
11,40.566936250000005,-74.12507368,122,0.0,PVT HOUSE,True,18-24,M,WHITE,18-24,M,WHITE
12,40.566936250000005,-74.11390882,122,0.0,,True,18-24,M,WHITE,45-64,F,WHITE
13,40.566936250000005,-74.01342508,60,0.0,PVT HOUSE,True,65+,M,WHITE,65+,F,WHITE
14,40.566936250000005,-74.00226022,60,0.0,MULTI DWELL - PUBLIC HOUS,False,18-24,M,BLACK,25-44,M,BLACK
15,40.566936250000005,-73.99109536,60,0.0,MULTI DWELL - PUBLIC HOUS,False,18-24,M,BLACK,25-44,M,BLACK
16,40.566936250000005,-73.9799305,60,0.0,RESTAURANT/DINER,False,25-44,M,BLACK,25-44,M,BLACK
17,40.566936250000005,-73.8682819,100,0.0,,False,,,,25-44,M,BLACK
18,40.577581,-74.2032277,121,0.0,,False,,,,25-44,M,BLACK
19,40.577581,-74.10274396,122,2.0,MULTI DWELL - PUBLIC HOUS,False,25-44,M,BLACK,25-44,M,BLACK
20,40.577581,-74.0915791,122,0.0,PVT HOUSE,False,25-44,M,WHITE,45-64,M,WHITE
21,40.577581,-74.08041424,122,0.0,,False,,,,25-44,M,WHITE
22,40.577581,-74.01342508,60,0.0,,True,25-44,M,WHITE HISPANIC,25-44,F,WHITE HISPANIC
23,40.577581,-74.00226022,60,2.0,MULTI DWELL - PUBLIC HOUS,False,25-44,M,BLACK,18-24,M,BLACK
24,40.577581,-73.99109536,60,0.0,COMMERCIAL BLDG,False,18-24,M,BLACK HISPANIC,25-44,M,ASIAN / PACIFIC ISLANDER
25,40.577581,-73.9799305,60,2.0,MULTI DWELL - PUBLIC HOUS,True,,,,25-44,M,BLACK
26,40.577581,-73.96876564,60,0.0,PVT HOUSE,False,18-24,M,BLACK,25-44,M,BLACK
27,40.577581,-73.95760078,61,0.0,,False,,,,18-24,M,BLACK
28,40.577581,-73.94643592,61,0.0,PVT HOUSE,True,<18,M,WHITE,18-24,M,WHITE
29,40.577581,-73.93527106,61,0.0,,False,,,,18-24,M,BLACK
30,40.577581,-73.84595218,100,0.0,MULTI DWELL - APT BUILD,False,18-24,M,BLACK,25-44,M,BLACK
31,40.577581,-73.82362246000001,100,0.0,MULTI DWELL - APT BUILD,False,25-44,M,BLACK,18-24,M,BLACK
32,40.577581,-73.8124576,100,2.0,MULTI DWELL - PUBLIC HOUS,False,25-44,M,BLACK,25-44,M,BLACK
33,40.58822575,-74.1474034,121,0.0,,False,18-24,M,WHITE,<18,M,ASIAN / PACIFIC ISLANDER
34,40.58822575,-74.11390882,122,0.0,,True,18-24,M,WHITE,45-64,M,WHITE
35,40.58822575,-74.0915791,122,0.0,HOTEL/MOTEL,False,25-44,M,BLACK,25-44,M,WHITE
36,40.58822575,-74.08041424,122,0.0,MULTI DWELL - PUBLIC HOUS,False,25-44,M,BLACK,25-44,M,BLACK
37,40.58822575,-74.06924938,122,0.0,PVT HOUSE,False,18-24,M,BLACK,25-44,M,WHITE HISPANIC
38,40.58822575,-74.01342508,62,0.0,,True,18-24,M,WHITE,18-24,M,WHITE
39,40.58822575,-74.00226022,62,0.0,,False,45-64,M,WHITE,45-64,M,WHITE
40,40.58822575,-73.99109536,60,2.0,MULTI DWELL - PUBLIC HOUS,False,25-44,M,BLACK,18-24,M,BLACK
41,40.58822575,-73.9799305,60,2.0,MULTI DWELL - PUBLIC HOUS,False,18-24,M,BLACK,25-44,M,BLACK
42,40.58822575,-73.96876564,61,2.0,MULTI DWELL - PUBLIC HOUS,False,18-24,M,BLACK,18-24,M,BLACK
43,40.58822575,-73.94643592,61,2.0,MULTI DWELL - PUBLIC HOUS,False,25-44,M,BLACK,25-44,M,BLACK
44,40.58822575,-73.93527106,61,2.0,MULTI DWELL - PUBLIC HOUS,True,<18,M,BLACK,25-44,M,BLACK
45,40.58822575,-73.91294134,63,0.0,,False,,,,18-24,M,BLACK
46,40.58822575,-73.82362246000001,100,0.0,,False,25-44,M,BLACK,25-44,M,BLACK
47,40.58822575,-73.8124576,100,2.0,MULTI DWELL - PUBLIC HOUS,False,18-24,M,BLACK,25-44,M,BLACK
48,40.58822575,-73.80129274000001,100,0.0,GROCERY/BODEGA,False,25-44,M,BLACK,25-44,M,BLACK
49,40.58822575,-73.79012788,101,2.0,MULTI DWELL - PUBLIC HOUS,False,18-24,M,BLACK,25-44,M,BLACK
50,40.58822575,-73.77896302,101,2.0,MULTI DWELL - PUBLIC HOUS,False,25-44,M,BLACK,25-44,M,BLACK
51,40.58822575,-73.76779816000001,101,0.0,MULTI DWELL - APT BUILD,False,25-44,M,BLACK,25-44,M,BLACK
52,40.58822575,-73.7566333,101,0.0,MULTI DWELL - APT BUILD,False,<18,M,BLACK,25-44,M,BLACK
53,40.58822575,-73.74546844000001,101,0.0,MULTI DWELL - APT BUILD,False,25-44,M,BLACK,25-44,M,BLACK
54,40.598870500000004,-74.18089798,121,0.0,PVT HOUSE,False,25-44,M,UNKNOWN,25-44,M,BLACK
55,40.598870500000004,-74.16973312,122,0.0,,False,,,,25-44,M,WHITE
56,40.598870500000004,-74.1474034,122,0.0,,False,,,,25-44,M,BLACK
57,40.598870500000004,-74.13623854,122,0.0,PVT HOUSE,False,25-44,M,WHITE,25-44,M,WHITE
58,40.598870500000004,-74.12507368,121,0.0,MULTI DWELL - APT BUILD,False,25-44,M,BLACK,25-44,M,BLACK
59,40.598870500000004,-74.0915791,120,0.0,,False,25-44,M,BLACK,25-44,M,BLACK
60,40.598870500000004,-74.08041424,120,0.0,PVT HOUSE,True,65+,M,WHITE HISPANIC,25-44,M,WHITE HISPANIC
61,40.598870500000004,-74.06924938,120,0.0,,False,25-44,M,WHITE,25-44,M,WHITE HISPANIC
62,40.598870500000004,-74.01342508,62,0.0,PVT HOUSE,True,25-44,M,BLACK,65+,M,WHITE
63,40.598870500000004,-74.00226022,62,0.0,MULTI DWELL - APT BUILD,False,45-64,M,WHITE,25-44,M,WHITE
64,40.598870500000004,-73.99109536,62,0.0,RESTAURANT/DINER,False,25-44,M,WHITE,25-44,M,WHITE HISPANIC
65,40.598870500000004,-73.9799305,61,0.0,BAR/NIGHT CLUB,False,25-44,M,WHITE,25-44,M,BLACK
66,40.598870500000004,-73.96876564,61,0.0,,True,25-44,M,WHITE,25-44,M,WHITE
67,40.598870500000004,-73.95760078,61,0.0,,False,<18,M,WHITE HISPANIC,18-24,M,BLACK
68,40.598870500000004,-73.94643592,61,0.0,MULTI DWELL - APT BUILD,False,25-44,M,BLACK,45-64,M,BLACK
69,40.598870500000004,-73.9241062,63,0.0,,False,,,,25-44,M,BLACK
70,40.598870500000004,-73.76779816000001,101,0.0,MULTI DWELL - APT BUILD,False,<18,M,BLACK,25-44,M,BLACK
71,40.598870500000004,-73.7566333,101,0.0,MULTI DWELL - APT BUILD,False,25-44,M,BLACK,18-24,M,BLACK
72,40.598870500000004,-73.74546844000001,101,0.0,,False,,,,18-24,M,BLACK
73,40.60951525,-74.16973312,121,0.0,,False,25-44,M,WHITE,25-44,M,WHITE
74,40.60951525,-74.12507368,122,0.0,,True,,,,18-24,M,WHITE HISPANIC
75,40.60951525,-74.10274396,120,0.0,,False,,,,25-44,M,BLACK
76,40.60951525,-74.0915791,120,0.0,MULTI DWELL - APT BUILD,False,25-44,M,BLACK,25-44,M,BLACK
77,40.60951525,-74.08041424,120,0.0,MULTI DWELL - APT BUILD,False,18-24,M,BLACK,18-24,M,BLACK
78,40.60951525,-74.06924938,120,0.0,PVT HOUSE,True,45-64,M,WHITE,25-44,M,WHITE
79,40.60951525,-74.01342508,62,0.0,PVT HOUSE,True,25-44,M,BLACK,25-44,M,BLACK HISPANIC
80,40.60951525,-74.00226022,62,0.0,PVT HOUSE,False,25-44,F,ASIAN / PACIFIC ISLANDER,18-24,F,ASIAN / PACIFIC ISLANDER
81,40.60951525,-73.99109536,62,0.0,MULTI DWELL - APT BUILD,False,45-64,M,WHITE,45-64,M,WHITE
82,40.60951525,-73.9799305,66,0.0,,False,,,,25-44,M,WHITE
83,40.60951525,-73.96876564,70,0.0,MULTI DWELL - APT BUILD,False,,,,25-44,M,WHITE
84,40.60951525,-73.95760078,70,0.0,,True,25-44,M,BLACK,18-24,M,BLACK
85,40.60951525,-73.94643592,63,0.0,,False,,,,18-24,M,BLACK
86,40.60951525,-73.93527106,63,0.0,,False,<18,M,BLACK,18-24,M,BLACK
87,40.60951525,-73.9241062,63,0.0,PVT HOUSE,False,18-24,M,BLACK,18-24,M,BLACK
88,40.60951525,-73.91294134,63,0.0,PVT HOUSE,False,25-44,M,BLACK HISPANIC,18-24,M,WHITE
89,40.60951525,-73.7566333,101,2.0,MULTI DWELL - PUBLIC HOUS,False,25-44,M,BLACK,25-44,M,BLACK
90,40.62016,-74.18089798,122,0.0,,False,,,,18-24,F,WHITE HISPANIC
91,40.62016,-74.16973312,121,0.0,PVT HOUSE,False,25-44,M,BLACK,18-24,M,BLACK
92,40.62016,-74.15856826,121,0.0,MULTI DWELL - APT BUILD,False,25-44,M,BLACK,25-44,M,BLACK
93,40.62016,-74.1474034,121,0.0,MULTI DWELL - APT BUILD,False,25-44,M,BLACK,25-44,F,WHITE
94,40.62016,-74.13623854,121,0.0,PVT HOUSE,False,25-44,M,WHITE HISPANIC,25-44,M,BLACK
95,40.62016,-74.12507368,120,0.0,,False,18-24,M,WHITE,25-44,M,WHITE
96,40.62016,-74.0915791,120,0.0,MULTI DWELL - PUBLIC HOUS,False,25-44,M,BLACK,25-44,M,BLACK
97,40.62016,-74.08041424,120,0.0,BAR/NIGHT CLUB,False,25-44,M,BLACK,25-44,M,BLACK
98,40.62016,-74.02458994,68,0.0,CLOTHING BOUTIQUE,True,45-64,M,WHITE HISPANIC,45-64,M,WHITE
99,40.62016,-74.01342508,68,0.0,PVT HOUSE,False,<18,M,WHITE HISPANIC,18-24,M,WHITE
100,40.62016,-73.99109536,66,0.0,,False,,,,25-44,M,WHITE HISPANIC
101,40.62016,-73.9799305,70,0.0,STORE UNCLASSIFIED,False,<18,M,WHITE HISPANIC,18-24,M,BLACK
102,40.62016,-73.96876564,70,0.0,MULTI DWELL - APT BUILD,False,<18,M,WHITE HISPANIC,18-24,M,BLACK
103,40.62016,-73.95760078,70,0.0,MULTI DWELL - APT BUILD,False,18-24,M,BLACK,18-24,M,WHITE
104,40.62016,-73.94643592,63,0.0,PVT HOUSE,False,18-24,M,BLACK,25-44,M,BLACK
105,40.62016,-73.93527106,63,0.0,PVT HOUSE,False,25-44,M,BLACK,25-44,M,BLACK
106,40.62016,-73.9241062,63,0.0,RESTAURANT/DINER,False,18-24,M,BLACK,18-24,M,BLACK
107,40.62016,-73.91294134,69,0.0,PVT HOUSE,True,,,,18-24,M,BLACK
108,40.62016,-73.90177648000001,69,0.0,,False,,,,25-44,M,BLACK
109,40.63080475,-74.18089798,121,0.0,MULTI DWELL - APT BUILD,False,18-24,M,BLACK,25-44,M,BLACK
110,40.63080475,-74.16973312,121,0.0,MULTI DWELL - PUBLIC HOUS,False,25-44,M,BLACK,25-44,M,BLACK
111,40.63080475,-74.15856826,121,0.0,,False,18-24,M,BLACK,18-24,M,BLACK
112,40.63080475,-74.1474034,121,0.0,,False,18-24,M,BLACK,18-24,M,BLACK
113,40.63080475,-74.13623854,121,0.0,PVT HOUSE,False,18-24,M,BLACK,25-44,M,BLACK
114,40.63080475,-74.12507368,120,0.0,MULTI DWELL - PUBLIC HOUS,False,18-24,M,BLACK,18-24,M,BLACK
115,40.63080475,-74.11390882,120,0.0,MULTI DWELL - APT BUILD,False,18-24,M,BLACK,25-44,M,BLACK
116,40.63080475,-74.10274396,120,0.0,BAR/NIGHT CLUB,True,18-24,M,BLACK,18-24,M,BLACK
117,40.63080475,-74.0915791,120,0.0,PVT HOUSE,False,25-44,M,BLACK,25-44,M,BLACK
118,40.63080475,-74.08041424,120,0.0,BEAUTY/NAIL SALON,False,25-44,M,BLACK HISPANIC,25-44,M,BLACK
119,40.63080475,-74.0357548,68,0.0,,False,25-44,M,WHITE HISPANIC,18-24,M,WHITE HISPANIC
120,40.63080475,-74.02458994,68,0.0,GROCERY/BODEGA,False,18-24,M,WHITE,25-44,M,WHITE
121,40.63080475,-74.01342508,72,0.0,MULTI DWELL - APT BUILD,False,25-44,M,ASIAN / PACIFIC ISLANDER,25-44,M,ASIAN / PACIFIC ISLANDER
122,40.63080475,-74.00226022,66,0.0,HOSPITAL,False,25-44,M,BLACK,18-24,M,ASIAN / PACIFIC ISLANDER
123,40.63080475,-73.99109536,66,0.0,PVT HOUSE,False,65+,M,WHITE,45-64,M,WHITE
124,40.63080475,-73.9799305,66,0.0,COMMERCIAL BLDG,False,,,,25-44,M,BLACK
125,40.63080475,-73.96876564,70,0.0,MULTI DWELL - APT BUILD,False,18-24,M,BLACK,25-44,M,BLACK
126,40.63080475,-73.95760078,70,0.0,MULTI DWELL - APT BUILD,False,25-44,M,BLACK,25-44,M,BLACK
127,40.63080475,-73.94643592,67,0.0,MULTI DWELL - APT BUILD,False,18-24,M,BLACK,25-44,M,BLACK
128,40.63080475,-73.93527106,67,0.0,COMMERCIAL BLDG,False,25-44,M,BLACK,25-44,M,BLACK
129,40.63080475,-73.9241062,63,0.0,MULTI DWELL - PUBLIC HOUS,False,25-44,M,BLACK,25-44,M,BLACK
130,40.63080475,-73.91294134,69,0.0,PVT HOUSE,False,18-24,M,BLACK,18-24,M,BLACK
131,40.63080475,-73.90177648000001,69,0.0,GROCERY/BODEGA,False,18-24,M,BLACK,18-24,M,BLACK
132,40.63080475,-73.89061162,69,2.0,MULTI DWELL - PUBLIC HOUS,False,25-44,M,BLACK,25-44,M,BLACK
133,40.6414495,-74.10274396,120,0.0,,False,18-24,M,BLACK HISPANIC,18-24,M,WHITE HISPANIC
134,40.6414495,-74.0915791,120,0.0,MULTI DWELL - PUBLIC HOUS,False,18-24,M,BLACK,25-44,M,BLACK
135,40.6414495,-74.08041424,120,0.0,PVT HOUSE,False,18-24,M,BLACK,25-44,M,BLACK
136,40.6414495,-74.02458994,72,0.0,,False,25-44,M,WHITE HISPANIC,25-44,M,WHITE HISPANIC
137,40.6414495,-74.01342508,72,0.0,MULTI DWELL - APT BUILD,False,25-44,M,WHITE HISPANIC,25-44,M,WHITE HISPANIC
138,40.6414495,-74.00226022,72,0.0,,False,18-24,M,BLACK HISPANIC,25-44,M,BLACK HISPANIC
139,40.6414495,-73.99109536,66,0.0,MULTI DWELL - APT BUILD,False,,,,25-44,M,WHITE HISPANIC
140,40.6414495,-73.9799305,66,0.0,,True,25-44,M,WHITE HISPANIC,45-64,M,WHITE
141,40.6414495,-73.96876564,70,0.0,MULTI DWELL - APT BUILD,False,18-24,M,BLACK,25-44,M,BLACK
142,40.6414495,-73.95760078,67,0.0,BAR/NIGHT CLUB,False,25-44,M,BLACK,18-24,M,BLACK
143,40.6414495,-73.94643592,67,0.0,MULTI DWELL - APT BUILD,False,25-44,M,BLACK,25-44,M,BLACK
144,40.6414495,-73.93527106,67,0.0,SOCIAL CLUB/POLICY LOCATI,False,25-44,M,BLACK,25-44,M,BLACK
145,40.6414495,-73.9241062,67,0.0,BAR/NIGHT CLUB,False,25-44,M,BLACK,25-44,M,BLACK
146,40.6414495,-73.91294134,69,0.0,GROCERY/BODEGA,False,25-44,M,BLACK,25-44,M,BLACK
147,40.6414495,-73.90177648000001,69,0.0,MULTI DWELL - PUBLIC HOUS,False,25-44,M,BLACK,25-44,M,BLACK
148,40.6414495,-73.89061162,75,0.0,,False,25-44,M,BLACK,18-24,M,BLACK
149,40.6414495,-73.87944676000001,75,0.0,MULTI DWELL - APT BUILD,False,18-24,M,BLACK,25-44,M,BLACK
150,40.6414495,-73.84595218,106,0.0,HOTEL/MOTEL,False,25-44,M,BLACK,25-44,M,BLACK
151,40.6414495,-73.74546844000001,105,0.0,,False,<18,M,BLACK,<18,F,BLACK
152,40.652094250000005,-74.01342508,72,0.0,,False,18-24,M,BLACK,18-24,M,BLACK
153,40.652094250000005,-74.00226022,72,0.0,,False,,,,25-44,M,BLACK HISPANIC
154,40.652094250000005,-73.9799305,72,0.0,,False,,,,18-24,M,WHITE
155,40.652094250000005,-73.96876564,70,0.0,MULTI DWELL - APT BUILD,False,25-44,M,BLACK,25-44,M,BLACK
156,40.652094250000005,-73.95760078,71,0.0,MULTI DWELL - APT BUILD,False,25-44,M,BLACK,25-44,M,BLACK
157,40.652094250000005,-73.94643592,71,0.0,MULTI DWELL - APT BUILD,False,25-44,M,BLACK,25-44,M,BLACK
158,40.652094250000005,-73.93527106,67,0.0,MULTI DWELL - APT BUILD,False,18-24,M,BLACK,25-44,M,BLACK
159,40.652094250000005,-73.9241062,67,0.0,MULTI DWELL - APT BUILD,False,25-44,M,BLACK,25-44,M,BLACK
160,40.652094250000005,-73.91294134,73,0.0,MULTI DWELL - APT BUILD,False,18-24,M,BLACK,25-44,M,BLACK
161,40.652094250000005,-73.90177648000001,75,0.0,MULTI DWELL - PUBLIC HOUS,False,18-24,M,BLACK,25-44,M,BLACK
162,40.652094250000005,-73.89061162,75,0.0,MULTI DWELL - PUBLIC HOUS,False,25-44,M,BLACK,25-44,M,BLACK
163,40.652094250000005,-73.87944676000001,75,0.0,MULTI DWELL - PUBLIC HOUS,False,<18,M,BLACK,25-44,M,BLACK
164,40.652094250000005,-73.85711704,106,0.0,,True,25-44,M,BLACK,25-44,M,BLACK HISPANIC
165,40.652094250000005,-73.84595218,106,0.0,,False,65+,M,WHITE,25-44,M,WHITE
166,40.652094250000005,-73.77896302,105,0.0,PVT HOUSE,False,18-24,M,BLACK HISPANIC,25-44,M,BLACK
167,40.652094250000005,-73.76779816000001,105,0.0,PVT HOUSE,True,25-44,M,BLACK,25-44,M,BLACK
168,40.652094250000005,-73.7566333,105,0.0,PVT HOUSE,False,25-44,M,BLACK,25-44,F,BLACK
169,40.652094250000005,-73.74546844000001,105,0.0,PVT HOUSE,False,25-44,M,BLACK,18-24,M,BLACK
170,40.652094250000005,-73.73430358,105,0.0,PVT HOUSE,False,18-24,M,BLACK,18-24,M,BLACK
171,40.662739,-74.00226022,72,0.0,FACTORY/WAREHOUSE,False,45-64,M,BLACK,25-44,M,BLACK
172,40.662739,-73.9799305,78,0.0,,True,,,,25-44,M,BLACK
173,40.662739,-73.96876564,71,0.0,MULTI DWELL - APT BUILD,False,18-24,M,BLACK,18-24,M,BLACK
174,40.662739,-73.95760078,71,0.0,MULTI DWELL - APT BUILD,False,25-44,M,BLACK,25-44,M,BLACK
175,40.662739,-73.94643592,77,0.0,MULTI DWELL - PUBLIC HOUS,False,25-44,M,BLACK,25-44,M,BLACK
176,40.662739,-73.93527106,77,0.0,MULTI DWELL - APT BUILD,False,25-44,M,BLACK,25-44,M,BLACK
177,40.662739,-73.9241062,73,0.0,MULTI DWELL - PUBLIC HOUS,False,18-24,M,BLACK,25-44,M,BLACK
178,40.662739,-73.91294134,73,2.0,MULTI DWELL - PUBLIC HOUS,False,18-24,M,BLACK,25-44,M,BLACK
179,40.662739,-73.90177648000001,75,0.0,MULTI DWELL - PUBLIC HOUS,False,18-24,M,BLACK,25-44,M,BLACK
180,40.662739,-73.89061162,75,0.0,MULTI DWELL - APT BUILD,False,18-24,M,BLACK,18-24,M,BLACK
181,40.662739,-73.87944676000001,75,0.0,MULTI DWELL - PUBLIC HOUS,False,25-44,M,BLACK,25-44,M,BLACK
182,40.662739,-73.8682819,75,2.0,MULTI DWELL - PUBLIC HOUS,False,18-24,M,BLACK,25-44,M,BLACK
183,40.662739,-73.85711704,106,0.0,MULTI DWELL - APT BUILD,True,25-44,M,WHITE,25-44,M,WHITE
184,40.662739,-73.84595218,106,0.0,GROCERY/BODEGA,False,18-24,M,BLACK,18-24,M,WHITE HISPANIC
185,40.662739,-73.83478732,106,0.0,,False,25-44,M,WHITE HISPANIC,18-24,M,WHITE
186,40.662739,-73.82362246000001,106,0.0,,False,25-44,M,BLACK,18-24,F,BLACK
187,40.662739,-73.8124576,106,0.0,PVT HOUSE,False,25-44,M,BLACK,45-64,M,BLACK
188,40.662739,-73.80129274000001,113,0.0,GROCERY/BODEGA,False,25-44,M,BLACK,18-24,M,BLACK
189,40.662739,-73.79012788,113,0.0,COMMERCIAL BLDG,False,25-44,M,BLACK,25-44,M,BLACK
190,40.662739,-73.77896302,113,0.0,PVT HOUSE,False,25-44,M,BLACK,25-44,M,BLACK
191,40.662739,-73.76779816000001,113,0.0,PVT HOUSE,False,18-24,M,BLACK,25-44,M,BLACK
192,40.662739,-73.7566333,105,0.0,PVT HOUSE,False,25-44,M,BLACK,25-44,M,BLACK
193,40.662739,-73.74546844000001,105,0.0,,False,25-44,M,BLACK,25-44,M,BLACK
194,40.662739,-73.73430358,105,0.0,PVT HOUSE,False,25-44,M,WHITE HISPANIC,18-24,M,BLACK
195,40.67338375,-74.01342508,76,2.0,MULTI DWELL - PUBLIC HOUS,False,25-44,M,BLACK,25-44,M,BLACK
196,40.67338375,-74.00226022,76,0.0,MULTI DWELL - APT BUILD,False,<18,M,WHITE HISPANIC,18-24,F,BLACK
197,40.67338375,-73.99109536,76,2.0,MULTI DWELL - PUBLIC HOUS,False,25-44,M,BLACK,25-44,M,BLACK
198,40.67338375,-73.9799305,88,0.0,MULTI DWELL - PUBLIC HOUS,False,<18,M,BLACK,18-24,M,BLACK
199,40.67338375,-73.96876564,77,0.0,MULTI DWELL - APT BUILD,False,25-44,M,BLACK,25-44,M,BLACK
200,40.67338375,-73.95760078,77,0.0,MULTI DWELL - APT BUILD,False,25-44,M,BLACK,25-44,M,BLACK
201,40.67338375,-73.94643592,79,0.0,MULTI DWELL - APT BUILD,False,25-44,M,BLACK,25-44,M,BLACK
202,40.67338375,-73.93527106,81,0.0,MULTI DWELL - PUBLIC HOUS,False,25-44,M,BLACK,25-44,M,BLACK
203,40.67338375,-73.9241062,73,0.0,MULTI DWELL - PUBLIC HOUS,False,18-24,M,BLACK,25-44,M,BLACK
204,40.67338375,-73.91294134,73,0.0,MULTI DWELL - APT BUILD,False,25-44,M,BLACK,25-44,M,BLACK
205,40.67338375,-73.90177648000001,75,0.0,MULTI DWELL - APT BUILD,False,18-24,M,BLACK,25-44,M,BLACK
206,40.67338375,-73.89061162,75,0.0,PVT HOUSE,False,25-44,M,BLACK,25-44,M,BLACK
207,40.67338375,-73.87944676000001,75,0.0,PVT HOUSE,False,25-44,M,WHITE HISPANIC,25-44,M,BLACK
208,40.67338375,-73.8682819,75,0.0,MULTI DWELL - APT BUILD,False,25-44,M,BLACK,25-44,M,BLACK
209,40.67338375,-73.85711704,106,0.0,PVT HOUSE,False,18-24,M,BLACK,18-24,M,BLACK
210,40.67338375,-73.84595218,106,0.0,GAS STATION,False,25-44,M,WHITE HISPANIC,25-44,M,WHITE HISPANIC
211,40.67338375,-73.83478732,106,0.0,HOTEL/MOTEL,False,18-24,M,BLACK,25-44,M,WHITE HISPANIC
212,40.67338375,-73.82362246000001,106,0.0,GROCERY/BODEGA,False,18-24,M,BLACK,25-44,M,BLACK
213,40.67338375,-73.8124576,106,0.0,PVT HOUSE,False,25-44,M,BLACK,25-44,M,BLACK
214,40.67338375,-73.80129274000001,113,0.0,MULTI DWELL - APT BUILD,False,18-24,M,BLACK,25-44,M,BLACK
215,40.67338375,-73.79012788,113,0.0,PVT HOUSE,False,18-24,M,BLACK,18-24,M,BLACK
216,40.67338375,-73.77896302,113,0.0,PVT HOUSE,False,25-44,M,BLACK,18-24,M,BLACK
217,40.67338375,-73.76779816000001,113,0.0,BAR/NIGHT CLUB,False,18-24,M,BLACK,18-24,M,BLACK
218,40.67338375,-73.7566333,105,0.0,PVT HOUSE,False,18-24,M,BLACK,25-44,M,BLACK
219,40.67338375,-73.74546844000001,105,0.0,PVT HOUSE,False,18-24,M,BLACK,25-44,M,BLACK
220,40.67338375,-73.73430358,105,0.0,RESTAURANT/DINER,False,25-44,M,BLACK,25-44,M,BLACK
221,40.684028500000004,-74.00226022,84,0.0,,True,45-64,M,BLACK,18-24,F,BLACK
222,40.684028500000004,-73.99109536,84,0.0,MULTI DWELL - PUBLIC HOUS,False,18-24,M,BLACK,25-44,M,BLACK
223,40.684028500000004,-73.9799305,88,0.0,MULTI DWELL - PUBLIC HOUS,False,25-44,M,BLACK,25-44,M,BLACK
224,40.684028500000004,-73.96876564,79,2.0,MULTI DWELL - PUBLIC HOUS,False,18-24,M,BLACK,18-24,M,BLACK
225,40.684028500000004,-73.95760078,79,0.0,MULTI DWELL - PUBLIC HOUS,False,18-24,M,BLACK,25-44,M,BLACK
226,40.684028500000004,-73.94643592,79,0.0,MULTI DWELL - PUBLIC HOUS,False,25-44,M,BLACK,25-44,M,BLACK
227,40.684028500000004,-73.93527106,81,0.0,MULTI DWELL - PUBLIC HOUS,False,25-44,M,BLACK,25-44,M,BLACK
228,40.684028500000004,-73.9241062,83,0.0,MULTI DWELL - APT BUILD,False,25-44,M,BLACK,25-44,M,BLACK
229,40.684028500000004,-73.91294134,83,0.0,MULTI DWELL - APT BUILD,False,25-44,M,BLACK,25-44,M,BLACK
230,40.684028500000004,-73.87944676000001,75,0.0,FAST FOOD,False,25-44,M,BLACK,25-44,M,WHITE HISPANIC
231,40.684028500000004,-73.8682819,102,0.0,RESTAURANT/DINER,False,18-24,M,BLACK,25-44,M,BLACK HISPANIC
232,40.684028500000004,-73.85711704,102,0.0,PVT HOUSE,False,25-44,M,BLACK,18-24,M,WHITE HISPANIC
233,40.684028500000004,-73.84595218,102,0.0,PVT HOUSE,False,25-44,M,BLACK,18-24,M,BLACK
234,40.684028500000004,-73.83478732,102,0.0,PVT HOUSE,False,25-44,M,BLACK,25-44,M,BLACK
235,40.684028500000004,-73.82362246000001,106,0.0,GAS STATION,False,18-24,M,BLACK,25-44,M,BLACK
236,40.684028500000004,-73.8124576,103,0.0,PVT HOUSE,False,18-24,M,BLACK,25-44,M,BLACK
237,40.684028500000004,-73.80129274000001,103,0.0,PVT HOUSE,False,25-44,M,BLACK,25-44,M,BLACK
238,40.684028500000004,-73.79012788,113,0.0,MULTI DWELL - PUBLIC HOUS,False,18-24,M,BLACK,25-44,M,BLACK
239,40.684028500000004,-73.77896302,113,0.0,GROCERY/BODEGA,False,25-44,M,BLACK,18-24,M,BLACK
240,40.684028500000004,-73.76779816000001,113,0.0,MULTI DWELL - APT BUILD,False,25-44,M,BLACK,25-44,M,BLACK
241,40.684028500000004,-73.7566333,113,0.0,PVT HOUSE,False,25-44,M,BLACK,25-44,M,BLACK
242,40.684028500000004,-73.74546844000001,105,0.0,PVT HOUSE,False,25-44,M,BLACK,25-44,M,BLACK
243,40.684028500000004,-73.73430358,105,0.0,,False,18-24,M,BLACK,18-24,M,BLACK
244,40.69467325,-74.01342508,1,0.0,HOTEL/MOTEL,False,,,,18-24,M,BLACK
245,40.69467325,-74.00226022,84,0.0,,False,18-24,M,BLACK,18-24,M,BLACK
246,40.69467325,-73.99109536,84,2.0,MULTI DWELL - PUBLIC HOUS,False,18-24,M,BLACK,25-44,M,BLACK
247,40.69467325,-73.9799305,88,2.0,MULTI DWELL - PUBLIC HOUS,False,25-44,M,BLACK,25-44,M,BLACK
248,40.69467325,-73.96876564,90,2.0,MULTI DWELL - PUBLIC HOUS,False,18-24,M,BLACK,18-24,M,BLACK
249,40.69467325,-73.95760078,79,2.0,MULTI DWELL - PUBLIC HOUS,False,18-24,M,BLACK,25-44,M,BLACK
250,40.69467325,-73.94643592,79,2.0,MULTI DWELL - PUBLIC HOUS,False,18-24,M,BLACK,25-44,M,BLACK
251,40.69467325,-73.93527106,83,0.0,SOCIAL CLUB/POLICY LOCATI,False,25-44,M,BLACK,25-44,M,WHITE HISPANIC
252,40.69467325,-73.9241062,83,0.0,MULTI DWELL - PUBLIC HOUS,False,25-44,M,BLACK,25-44,M,WHITE HISPANIC
253,40.69467325,-73.91294134,104,0.0,PVT HOUSE,False,18-24,M,BLACK HISPANIC,25-44,M,WHITE HISPANIC
254,40.69467325,-73.90177648000001,104,0.0,MULTI DWELL - APT BUILD,False,18-24,M,WHITE HISPANIC,18-24,M,WHITE HISPANIC
255,40.69467325,-73.87944676000001,104,0.0,,False,,,,18-24,M,WHITE HISPANIC
256,40.69467325,-73.85711704,102,0.0,BAR/NIGHT CLUB,False,18-24,M,BLACK,25-44,M,BLACK
257,40.69467325,-73.84595218,102,0.0,,False,25-44,M,BLACK,18-24,M,WHITE HISPANIC
258,40.69467325,-73.83478732,102,0.0,BAR/NIGHT CLUB,False,18-24,M,BLACK HISPANIC,18-24,M,BLACK
259,40.69467325,-73.82362246000001,102,0.0,BAR/NIGHT CLUB,False,18-24,M,BLACK,25-44,M,BLACK
260,40.69467325,-73.8124576,103,0.0,BAR/NIGHT CLUB,False,25-44,M,BLACK,25-44,M,BLACK
261,40.69467325,-73.80129274000001,103,0.0,MULTI DWELL - PUBLIC HOUS,False,25-44,M,BLACK,25-44,M,BLACK
262,40.69467325,-73.79012788,103,0.0,PVT HOUSE,False,25-44,M,BLACK,25-44,M,BLACK
263,40.69467325,-73.77896302,113,0.0,PVT HOUSE,False,25-44,M,BLACK,25-44,M,BLACK
264,40.69467325,-73.76779816000001,113,0.0,BAR/NIGHT CLUB,False,25-44,M,BLACK,25-44,M,BLACK
265,40.69467325,-73.7566333,113,0.0,PVT HOUSE,False,25-44,M,BLACK,25-44,M,BLACK
266,40.69467325,-73.74546844000001,105,0.0,,False,18-24,M,BLACK,25-44,M,BLACK
267,40.69467325,-73.73430358,105,0.0,GROCERY/BODEGA,False,25-44,M,BLACK,25-44,M,BLACK
268,40.705318000000005,-74.02458994,1,0.0,,False,25-44,M,BLACK,25-44,F,WHITE
269,40.705318000000005,-74.01342508,1,0.0,,False,18-24,M,BLACK,18-24,M,WHITE HISPANIC
270,40.705318000000005,-74.00226022,5,2.0,MULTI DWELL - PUBLIC HOUS,False,18-24,M,BLACK,25-44,M,BLACK
271,40.705318000000005,-73.99109536,7,2.0,MULTI DWELL - PUBLIC HOUS,False,25-44,M,BLACK,25-44,M,BLACK
272,40.705318000000005,-73.9799305,7,0.0,,False,<18,M,BLACK,<18,M,WHITE HISPANIC
273,40.705318000000005,-73.96876564,90,0.0,MULTI DWELL - PUBLIC HOUS,False,18-24,M,BLACK,25-44,M,BLACK
274,40.705318000000005,-73.95760078,90,0.0,MULTI DWELL - APT BUILD,False,18-24,M,WHITE HISPANIC,25-44,M,WHITE HISPANIC
275,40.705318000000005,-73.94643592,90,0.0,MULTI DWELL - PUBLIC HOUS,False,25-44,M,BLACK,25-44,M,BLACK
276,40.705318000000005,-73.93527106,90,0.0,MULTI DWELL - APT BUILD,True,18-24,M,WHITE HISPANIC,45-64,M,WHITE
277,40.705318000000005,-73.9241062,104,0.0,BAR/NIGHT CLUB,False,45-64,M,WHITE HISPANIC,45-64,M,WHITE HISPANIC
278,40.705318000000005,-73.91294134,104,0.0,GROCERY/BODEGA,False,18-24,M,WHITE HISPANIC,18-24,M,WHITE HISPANIC
279,40.705318000000005,-73.90177648000001,104,0.0,MULTI DWELL - APT BUILD,False,65+,M,WHITE,25-44,F,WHITE
280,40.705318000000005,-73.89061162,104,0.0,,False,,,,18-24,M,BLACK
281,40.705318000000005,-73.87944676000001,104,0.0,PVT HOUSE,True,<18,F,WHITE HISPANIC,18-24,M,BLACK HISPANIC
282,40.705318000000005,-73.84595218,112,0.0,,False,,,,18-24,M,BLACK
283,40.705318000000005,-73.83478732,102,0.0,HOTEL/MOTEL,False,18-24,M,BLACK,18-24,M,BLACK
284,40.705318000000005,-73.82362246000001,107,0.0,,False,25-44,M,BLACK,25-44,M,BLACK
285,40.705318000000005,-73.8124576,107,0.0,GROCERY/BODEGA,False,18-24,M,BLACK,18-24,M,BLACK
286,40.705318000000005,-73.80129274000001,103,0.0,COMMERCIAL BLDG,False,25-44,M,BLACK,25-44,M,BLACK
287,40.705318000000005,-73.79012788,103,0.0,BAR/NIGHT CLUB,False,25-44,M,WHITE HISPANIC,25-44,M,BLACK
288,40.705318000000005,-73.77896302,103,0.0,HOTEL/MOTEL,False,18-24,M,BLACK,25-44,M,BLACK
289,40.705318000000005,-73.76779816000001,103,0.0,STORE UNCLASSIFIED,False,18-24,M,BLACK,25-44,M,BLACK
290,40.705318000000005,-73.7566333,105,0.0,PVT HOUSE,False,25-44,M,BLACK,25-44,M,BLACK
291,40.705318000000005,-73.74546844000001,105,0.0,PVT HOUSE,False,25-44,M,BLACK,25-44,M,BLACK
292,40.705318000000005,-73.73430358,105,0.0,PVT HOUSE,False,18-24,M,BLACK,25-44,M,BLACK
293,40.71596275,-74.00226022,5,0.0,BEAUTY/NAIL SALON,False,18-24,M,WHITE HISPANIC,25-44,M,WHITE
294,40.71596275,-73.99109536,7,0.0,MULTI DWELL - PUBLIC HOUS,False,25-44,M,BLACK,25-44,M,BLACK
295,40.71596275,-73.9799305,9,2.0,MULTI DWELL - PUBLIC HOUS,False,18-24,M,BLACK,25-44,M,BLACK
296,40.71596275,-73.96876564,94,0.0,,False,25-44,M,BLACK HISPANIC,25-44,M,BLACK
297,40.71596275,-73.95760078,94,0.0,,False,18-24,M,UNKNOWN,25-44,M,BLACK
298,40.71596275,-73.94643592,94,2.0,MULTI DWELL - PUBLIC HOUS,False,18-24,M,BLACK,25-44,M,BLACK
299,40.71596275,-73.93527106,94,0.0,,False,,,,18-24,M,WHITE HISPANIC
300,40.71596275,-73.91294134,104,0.0,,False,18-24,M,WHITE HISPANIC,18-24,M,WHITE HISPANIC
301,40.71596275,-73.89061162,104,0.0,,False,,,,18-24,M,WHITE HISPANIC
302,40.71596275,-73.85711704,112,0.0,,False,,,,25-44,M,BLACK
303,40.71596275,-73.84595218,112,1.0,,False,25-44,M,BLACK,18-24,M,BLACK
304,40.71596275,-73.82362246000001,107,0.0,BAR/NIGHT CLUB,False,25-44,M,BLACK,25-44,M,BLACK
305,40.71596275,-73.76779816000001,105,0.0,,True,25-44,M,BLACK,25-44,M,BLACK
306,40.71596275,-73.7566333,107,0.0,,False,,,,25-44,M,WHITE
307,40.71596275,-73.74546844000001,105,0.0,MULTI DWELL - APT BUILD,False,25-44,M,BLACK,25-44,M,BLACK
308,40.71596275,-73.73430358,105,0.0,COMMERCIAL BLDG,False,25-44,M,BLACK,25-44,M,WHITE
309,40.7266075,-74.01342508,1,0.0,BAR/NIGHT CLUB,False,18-24,M,WHITE HISPANIC,25-44,M,BLACK
310,40.7266075,-74.00226022,6,0.0,BAR/NIGHT CLUB,False,25-44,M,BLACK,25-44,M,BLACK
311,40.7266075,-73.99109536,13,0.0,BAR/NIGHT CLUB,False,25-44,M,BLACK,25-44,M,BLACK
312,40.7266075,-73.9799305,9,0.0,MULTI DWELL - PUBLIC HOUS,False,18-24,M,BLACK,18-24,M,BLACK
313,40.7266075,-73.96876564,94,0.0,,False,18-24,M,BLACK HISPANIC,18-24,M,BLACK HISPANIC
314,40.7266075,-73.95760078,94,0.0,GAS STATION,False,45-64,M,BLACK HISPANIC,25-44,M,BLACK
315,40.7266075,-73.94643592,108,0.0,,False,,,,25-44,M,BLACK HISPANIC
316,40.7266075,-73.93527106,108,0.0,,False,,,,25-44,M,BLACK
317,40.7266075,-73.91294134,104,0.0,,False,25-44,M,BLACK,18-24,M,BLACK
318,40.7266075,-73.90177648000001,104,0.0,,False,25-44,M,WHITE HISPANIC,18-24,M,BLACK
319,40.7266075,-73.89061162,110,0.0,,True,25-44,M,ASIAN / PACIFIC ISLANDER,25-44,M,ASIAN / PACIFIC ISLANDER
320,40.7266075,-73.87944676000001,110,0.0,,False,,,,18-24,M,BLACK HISPANIC
321,40.7266075,-73.8682819,110,0.0,MULTI DWELL - APT BUILD,False,18-24,M,BLACK,25-44,M,BLACK
322,40.7266075,-73.85711704,112,0.0,,False,<18,M,BLACK,<18,M,WHITE
323,40.7266075,-73.82362246000001,107,0.0,MULTI DWELL - PUBLIC HOUS,False,18-24,M,BLACK,18-24,M,BLACK
324,40.7266075,-73.8124576,107,2.0,MULTI DWELL - PUBLIC HOUS,False,18-24,M,BLACK,25-44,M,BLACK
325,40.7266075,-73.79012788,107,0.0,,False,25-44,M,BLACK,25-44,M,BLACK
326,40.7266075,-73.7566333,111,0.0,,False,25-44,M,BLACK,25-44,M,BLACK
327,40.7266075,-73.74546844000001,105,0.0,,False,,,,<18,M,BLACK HISPANIC
328,40.7266075,-73.72313872000001,105,0.0,,False,18-24,M,BLACK,18-24,M,BLACK
329,40.737252250000004,-74.01342508,10,0.0,MULTI DWELL - PUBLIC HOUS,False,25-44,M,BLACK,25-44,M,BLACK
330,40.737252250000004,-74.00226022,13,0.0,BAR/NIGHT CLUB,False,25-44,M,BLACK,25-44,M,BLACK
331,40.737252250000004,-73.99109536,13,0.0,,False,25-44,M,BLACK,18-24,F,BLACK
332,40.737252250000004,-73.9799305,13,0.0,MULTI DWELL - PUBLIC HOUS,False,25-44,M,BLACK,25-44,M,BLACK
333,40.737252250000004,-73.96876564,108,0.0,,True,25-44,M,WHITE HISPANIC,25-44,M,ASIAN / PACIFIC ISLANDER
334,40.737252250000004,-73.95760078,108,0.0,BAR/NIGHT CLUB,False,25-44,M,BLACK HISPANIC,25-44,M,BLACK
335,40.737252250000004,-73.94643592,108,0.0,FACTORY/WAREHOUSE,False,25-44,M,BLACK,25-44,M,BLACK
336,40.737252250000004,-73.93527106,108,0.0,,False,18-24,M,BLACK,25-44,M,BLACK
337,40.737252250000004,-73.9241062,108,0.0,DRUG STORE,True,25-44,M,WHITE HISPANIC,25-44,M,WHITE
338,40.737252250000004,-73.91294134,108,0.0,DRUG STORE,False,45-64,M,BLACK,45-64,M,BLACK HISPANIC
339,40.737252250000004,-73.90177648000001,108,0.0,,False,25-44,M,BLACK,25-44,M,WHITE HISPANIC
340,40.737252250000004,-73.89061162,110,0.0,GROCERY/BODEGA,False,18-24,M,WHITE HISPANIC,25-44,M,WHITE HISPANIC
341,40.737252250000004,-73.87944676000001,110,0.0,BAR/NIGHT CLUB,False,25-44,M,BLACK HISPANIC,18-24,M,WHITE HISPANIC
342,40.737252250000004,-73.8682819,110,0.0,MULTI DWELL - APT BUILD,False,25-44,M,BLACK,25-44,M,BLACK
343,40.737252250000004,-73.85711704,110,0.0,,False,18-24,M,WHITE HISPANIC,25-44,M,WHITE HISPANIC
344,40.737252250000004,-73.84595218,110,0.0,,True,,,,18-24,F,BLACK HISPANIC
345,40.737252250000004,-73.83478732,109,0.0,MULTI DWELL - APT BUILD,False,25-44,M,WHITE HISPANIC,45-64,M,ASIAN / PACIFIC ISLANDER
346,40.737252250000004,-73.82362246000001,109,0.0,,False,25-44,M,BLACK,25-44,M,BLACK HISPANIC
347,40.737252250000004,-73.72313872000001,105,0.0,,False,18-24,M,WHITE HISPANIC,<18,M,ASIAN / PACIFIC ISLANDER
348,40.737252250000004,-73.71197386,105,0.0,,True,,,,18-24,M,ASIAN / PACIFIC ISLANDER
349,40.747897,-74.00226022,14,0.0,MULTI DWELL - PUBLIC HOUS,False,25-44,M,BLACK,25-44,M,BLACK
350,40.747897,-73.99109536,14,0.0,MULTI DWELL - PUBLIC HOUS,False,25-44,M,BLACK,25-44,M,BLACK
351,40.747897,-73.9799305,14,0.0,BAR/NIGHT CLUB,False,25-44,M,BLACK,25-44,M,WHITE HISPANIC
352,40.747897,-73.96876564,17,0.0,MULTI DWELL - APT BUILD,True,25-44,M,WHITE,65+,M,WHITE
353,40.747897,-73.95760078,114,2.0,MULTI DWELL - PUBLIC HOUS,False,25-44,M,BLACK,25-44,M,BLACK
354,40.747897,-73.94643592,114,2.0,MULTI DWELL - PUBLIC HOUS,False,25-44,M,BLACK,25-44,M,BLACK
355,40.747897,-73.93527106,114,0.0,,False,25-44,M,BLACK,25-44,M,BLACK
356,40.747897,-73.9241062,114,0.0,BAR/NIGHT CLUB,False,25-44,M,BLACK,25-44,M,BLACK
357,40.747897,-73.91294134,114,0.0,MULTI DWELL - PUBLIC HOUS,False,18-24,M,BLACK,25-44,M,BLACK
358,40.747897,-73.90177648000001,115,0.0,,False,25-44,M,WHITE HISPANIC,45-64,M,BLACK HISPANIC
359,40.747897,-73.89061162,115,0.0,MULTI DWELL - APT BUILD,False,25-44,M,BLACK,25-44,M,BLACK HISPANIC
360,40.747897,-73.87944676000001,115,0.0,MULTI DWELL - APT BUILD,False,18-24,M,WHITE HISPANIC,25-44,M,WHITE HISPANIC
361,40.747897,-73.8682819,115,0.0,BAR/NIGHT CLUB,False,25-44,M,WHITE HISPANIC,25-44,M,WHITE HISPANIC
362,40.747897,-73.85711704,115,0.0,,False,,,,18-24,M,WHITE HISPANIC
363,40.747897,-73.83478732,109,0.0,MULTI DWELL - PUBLIC HOUS,False,25-44,M,ASIAN / PACIFIC ISLANDER,25-44,M,ASIAN / PACIFIC ISLANDER
364,40.747897,-73.82362246000001,109,0.0,BAR/NIGHT CLUB,False,25-44,M,ASIAN / PACIFIC ISLANDER,25-44,M,ASIAN / PACIFIC ISLANDER
365,40.747897,-73.8124576,109,0.0,,True,18-24,M,WHITE HISPANIC,25-44,M,WHITE HISPANIC
366,40.747897,-73.80129274000001,109,0.0,,False,25-44,M,BLACK HISPANIC,25-44,M,WHITE HISPANIC
367,40.747897,-73.79012788,111,0.0,,False,,,,25-44,M,BLACK
368,40.747897,-73.71197386,105,0.0,HOSPITAL,False,,,,25-44,M,BLACK
369,40.75854175,-74.00226022,18,0.0,,False,<18,M,WHITE HISPANIC,25-44,M,BLACK
370,40.75854175,-73.99109536,18,0.0,RESTAURANT/DINER,False,25-44,M,BLACK,25-44,M,BLACK
371,40.75854175,-73.9799305,19,0.0,,False,,,,25-44,M,BLACK
372,40.75854175,-73.95760078,19,0.0,HOSPITAL,False,,,,25-44,M,BLACK
373,40.75854175,-73.94643592,114,2.0,MULTI DWELL - PUBLIC HOUS,False,18-24,M,BLACK,25-44,M,BLACK
374,40.75854175,-73.93527106,114,2.0,MULTI DWELL - PUBLIC HOUS,False,18-24,M,BLACK,25-44,M,BLACK
375,40.75854175,-73.9241062,114,0.0,BAR/NIGHT CLUB,False,25-44,M,ASIAN / PACIFIC ISLANDER,18-24,M,BLACK
376,40.75854175,-73.91294134,114,0.0,BAR/NIGHT CLUB,False,18-24,M,BLACK,25-44,M,BLACK
377,40.75854175,-73.90177648000001,114,0.0,,False,25-44,M,BLACK,25-44,M,BLACK
378,40.75854175,-73.89061162,115,0.0,BAR/NIGHT CLUB,False,18-24,M,WHITE HISPANIC,25-44,M,BLACK
379,40.75854175,-73.87944676000001,115,0.0,PVT HOUSE,False,25-44,M,BLACK,25-44,M,BLACK
380,40.75854175,-73.8682819,115,0.0,PVT HOUSE,False,25-44,M,WHITE HISPANIC,25-44,M,WHITE HISPANIC
381,40.75854175,-73.85711704,110,0.0,,False,18-24,M,BLACK HISPANIC,25-44,M,BLACK HISPANIC
382,40.75854175,-73.84595218,110,0.0,,False,,,,25-44,M,BLACK HISPANIC
383,40.75854175,-73.83478732,109,0.0,BAR/NIGHT CLUB,False,18-24,M,BLACK,18-24,M,BLACK
384,40.75854175,-73.82362246000001,109,0.0,,False,,,,65+,F,ASIAN / PACIFIC ISLANDER
385,40.75854175,-73.8124576,109,0.0,PVT HOUSE,True,18-24,M,WHITE HISPANIC,25-44,M,WHITE HISPANIC
386,40.75854175,-73.80129274000001,109,0.0,,False,,,,18-24,M,BLACK
387,40.75854175,-73.76779816000001,111,0.0,,False,,,,25-44,M,BLACK
388,40.7691865,-73.99109536,20,2.0,MULTI DWELL - PUBLIC HOUS,False,25-44,M,BLACK,25-44,M,BLACK
389,40.7691865,-73.9799305,20,0.0,,False,25-44,M,WHITE,25-44,M,WHITE
390,40.7691865,-73.96876564,19,0.0,HOSPITAL,False,,,,18-24,M,WHITE HISPANIC
391,40.7691865,-73.95760078,19,0.0,,False,18-24,M,WHITE,18-24,M,BLACK HISPANIC
392,40.7691865,-73.94643592,114,2.0,MULTI DWELL - PUBLIC HOUS,False,25-44,M,BLACK,25-44,M,BLACK
393,40.7691865,-73.93527106,114,2.0,MULTI DWELL - PUBLIC HOUS,False,18-24,M,BLACK,25-44,M,BLACK
394,40.7691865,-73.9241062,114,0.0,MULTI DWELL - APT BUILD,False,18-24,M,BLACK HISPANIC,18-24,M,WHITE
395,40.7691865,-73.91294134,114,0.0,BAR/NIGHT CLUB,False,,,,25-44,F,BLACK
396,40.7691865,-73.90177648000001,114,0.0,MULTI DWELL - APT BUILD,True,45-64,M,BLACK,25-44,F,WHITE
397,40.7691865,-73.85711704,109,0.0,,True,,,,25-44,M,WHITE HISPANIC
398,40.7691865,-73.84595218,109,0.0,,True,25-44,M,BLACK,25-44,M,BLACK
399,40.7691865,-73.83478732,109,0.0,,False,,,,25-44,M,BLACK
400,40.7691865,-73.77896302,111,0.0,PVT HOUSE,False,,,,25-44,M,BLACK
401,40.77983125,-73.9799305,24,0.0,MULTI DWELL - PUBLIC HOUS,False,25-44,M,BLACK,25-44,M,BLACK
402,40.77983125,-73.96876564,24,2.0,MULTI DWELL - PUBLIC HOUS,False,18-24,M,BLACK,25-44,M,BLACK HISPANIC
403,40.77983125,-73.95760078,23,2.0,MULTI DWELL - PUBLIC HOUS,False,25-44,M,BLACK,25-44,M,BLACK
404,40.77983125,-73.94643592,23,2.0,MULTI DWELL - PUBLIC HOUS,False,25-44,M,BLACK,25-44,M,BLACK
405,40.77983125,-73.9241062,114,0.0,,False,18-24,M,WHITE HISPANIC,25-44,M,WHITE HISPANIC
406,40.77983125,-73.91294134,114,0.0,PVT HOUSE,False,25-44,M,WHITE HISPANIC,25-44,M,WHITE
407,40.77983125,-73.85711704,109,0.0,,False,18-24,M,BLACK,18-24,M,WHITE
408,40.77983125,-73.84595218,109,0.0,PVT HOUSE,False,18-24,M,WHITE HISPANIC,18-24,M,WHITE
409,40.77983125,-73.82362246000001,109,0.0,,False,25-44,M,BLACK,18-24,M,BLACK HISPANIC
410,40.77983125,-73.8124576,109,0.0,,False,,,,18-24,M,ASIAN / PACIFIC ISLANDER
411,40.790476,-73.9799305,24,0.0,MULTI DWELL - PUBLIC HOUS,False,18-24,M,BLACK,25-44,M,BLACK
412,40.790476,-73.96876564,24,0.0,MULTI DWELL - PUBLIC HOUS,False,18-24,M,BLACK,25-44,M,BLACK
413,40.790476,-73.95760078,23,2.0,MULTI DWELL - PUBLIC HOUS,False,18-24,M,BLACK,25-44,M,BLACK
414,40.790476,-73.94643592,23,0.0,MULTI DWELL - PUBLIC HOUS,False,18-24,M,BLACK,25-44,M,BLACK
415,40.790476,-73.93527106,25,2.0,MULTI DWELL - PUBLIC HOUS,False,18-24,M,BLACK,18-24,M,BLACK
416,40.790476,-73.9241062,40,0.0,,False,25-44,M,BLACK,25-44,M,BLACK
417,40.790476,-73.91294134,40,0.0,,False,,,,25-44,M,BLACK HISPANIC
418,40.790476,-73.82362246000001,109,0.0,,False,25-44,M,WHITE,25-44,M,WHITE
419,40.790476,-73.8124576,109,0.0,,False,18-24,M,WHITE HISPANIC,18-24,M,WHITE HISPANIC
420,40.80112075,-73.96876564,26,0.0,HOSPITAL,False,18-24,M,BLACK,25-44,M,BLACK
421,40.80112075,-73.95760078,28,0.0,MULTI DWELL - APT BUILD,False,25-44,M,BLACK,25-44,M,BLACK
422,40.80112075,-73.94643592,25,0.0,MULTI DWELL - PUBLIC HOUS,False,25-44,M,BLACK,25-44,M,BLACK
423,40.80112075,-73.93527106,40,0.0,MULTI DWELL - PUBLIC HOUS,False,18-24,M,BLACK,25-44,M,BLACK
424,40.80112075,-73.9241062,40,0.0,MULTI DWELL - PUBLIC HOUS,False,18-24,M,BLACK,25-44,M,BLACK
425,40.80112075,-73.91294134,40,0.0,MULTI DWELL - APT BUILD,False,18-24,M,BLACK,25-44,M,WHITE HISPANIC
426,40.80112075,-73.90177648000001,41,0.0,BAR/NIGHT CLUB,False,,,,25-44,M,BLACK
427,40.80112075,-73.89061162,41,0.0,BAR/NIGHT CLUB,False,25-44,M,BLACK,25-44,M,BLACK
428,40.8117655,-73.96876564,26,2.0,MULTI DWELL - PUBLIC HOUS,False,25-44,M,BLACK,18-24,M,BLACK
429,40.8117655,-73.95760078,26,0.0,MULTI DWELL - PUBLIC HOUS,False,18-24,M,BLACK,25-44,M,BLACK
430,40.8117655,-73.94643592,32,0.0,MULTI DWELL - PUBLIC HOUS,False,18-24,M,BLACK,25-44,M,BLACK
431,40.8117655,-73.93527106,44,0.0,MULTI DWELL - PUBLIC HOUS,False,25-44,M,BLACK,25-44,M,BLACK
432,40.8117655,-73.9241062,40,0.0,MULTI DWELL - PUBLIC HOUS,False,18-24,M,BLACK,25-44,M,BLACK
433,40.8117655,-73.91294134,40,0.0,MULTI DWELL - PUBLIC HOUS,False,18-24,M,BLACK,25-44,M,BLACK
434,40.8117655,-73.90177648000001,41,0.0,MULTI DWELL - APT BUILD,False,25-44,M,BLACK,25-44,M,BLACK
435,40.8117655,-73.89061162,41,0.0,COMMERCIAL BLDG,False,18-24,M,BLACK,25-44,M,BLACK
436,40.8117655,-73.87944676000001,43,2.0,MULTI DWELL - PUBLIC HOUS,False,18-24,M,BLACK,25-44,M,BLACK
437,40.8117655,-73.8682819,43,0.0,MULTI DWELL - PUBLIC HOUS,False,25-44,M,BLACK,18-24,M,BLACK
438,40.8117655,-73.85711704,43,2.0,MULTI DWELL - PUBLIC HOUS,False,18-24,M,BLACK,18-24,M,BLACK
439,40.8117655,-73.84595218,43,2.0,MULTI DWELL - PUBLIC HOUS,False,45-64,M,BLACK,25-44,M,BLACK HISPANIC
440,40.8117655,-73.83478732,45,2.0,MULTI DWELL - APT BUILD,False,18-24,M,WHITE HISPANIC,25-44,F,BLACK
441,40.8117655,-73.82362246000001,45,2.0,MULTI DWELL - PUBLIC HOUS,False,25-44,M,BLACK,25-44,M,BLACK HISPANIC
442,40.8117655,-73.8124576,45,0.0,,False,,,,18-24,M,WHITE
443,40.822410250000004,-73.95760078,30,0.0,MULTI DWELL - APT BUILD,False,25-44,M,BLACK,25-44,M,WHITE HISPANIC
444,40.822410250000004,-73.94643592,32,0.0,MULTI DWELL - PUBLIC HOUS,False,18-24,M,BLACK,25-44,M,BLACK
445,40.822410250000004,-73.93527106,44,0.0,MULTI DWELL - APT BUILD,False,25-44,M,BLACK,25-44,M,BLACK
446,40.822410250000004,-73.9241062,44,0.0,MULTI DWELL - PUBLIC HOUS,False,18-24,M,BLACK,25-44,M,BLACK
447,40.822410250000004,-73.91294134,42,0.0,MULTI DWELL - PUBLIC HOUS,False,18-24,M,BLACK,25-44,M,BLACK
448,40.822410250000004,-73.90177648000001,42,0.0,MULTI DWELL - PUBLIC HOUS,False,18-24,M,BLACK,18-24,M,BLACK
449,40.822410250000004,-73.89061162,42,0.0,MULTI DWELL - PUBLIC HOUS,False,25-44,M,BLACK,18-24,M,BLACK
450,40.822410250000004,-73.87944676000001,43,0.0,MULTI DWELL - PUBLIC HOUS,False,18-24,M,BLACK,25-44,M,BLACK
451,40.822410250000004,-73.8682819,43,2.0,MULTI DWELL - PUBLIC HOUS,False,25-44,M,BLACK,18-24,M,BLACK
452,40.822410250000004,-73.85711704,43,0.0,GROCERY/BODEGA,False,18-24,M,BLACK,25-44,M,BLACK
453,40.822410250000004,-73.84595218,43,0.0,HOTEL/MOTEL,False,18-24,M,BLACK,18-24,M,BLACK
454,40.822410250000004,-73.83478732,45,0.0,MULTI DWELL - PUBLIC HOUS,False,18-24,M,BLACK,18-24,M,BLACK
455,40.822410250000004,-73.82362246000001,45,0.0,BAR/NIGHT CLUB,False,,,,45-64,M,BLACK
456,40.833055,-73.95760078,33,0.0,,False,25-44,M,BLACK,<18,M,BLACK HISPANIC
457,40.833055,-73.94643592,33,0.0,MULTI DWELL - APT BUILD,False,25-44,M,WHITE HISPANIC,25-44,M,WHITE HISPANIC
458,40.833055,-73.93527106,44,0.0,MULTI DWELL - APT BUILD,False,18-24,M,BLACK,25-44,M,BLACK
459,40.833055,-73.9241062,44,0.0,MULTI DWELL - APT BUILD,False,25-44,M,BLACK,25-44,M,BLACK
460,40.833055,-73.91294134,44,0.0,MULTI DWELL - PUBLIC HOUS,False,25-44,M,BLACK,25-44,M,BLACK
461,40.833055,-73.90177648000001,42,0.0,MULTI DWELL - PUBLIC HOUS,False,18-24,M,BLACK,18-24,M,BLACK
462,40.833055,-73.89061162,48,0.0,MULTI DWELL - APT BUILD,False,18-24,M,BLACK,25-44,M,BLACK
463,40.833055,-73.87944676000001,43,0.0,MULTI DWELL - PUBLIC HOUS,False,18-24,M,BLACK,25-44,M,BLACK
464,40.833055,-73.8682819,43,0.0,MULTI DWELL - APT BUILD,False,25-44,M,BLACK,18-24,M,BLACK
465,40.833055,-73.85711704,45,0.0,HOSPITAL,False,18-24,M,BLACK,25-44,M,BLACK
466,40.833055,-73.84595218,45,0.0,,False,25-44,M,BLACK HISPANIC,25-44,M,WHITE HISPANIC
467,40.833055,-73.83478732,45,0.0,PVT HOUSE,False,18-24,M,WHITE HISPANIC,25-44,M,BLACK
468,40.833055,-73.82362246000001,45,0.0,,True,45-64,M,BLACK,45-64,M,WHITE
469,40.84369975,-73.94643592,33,0.0,MULTI DWELL - APT BUILD,False,18-24,M,WHITE HISPANIC,25-44,M,WHITE HISPANIC
470,40.84369975,-73.93527106,34,0.0,GROCERY/BODEGA,False,25-44,M,WHITE HISPANIC,25-44,M,BLACK HISPANIC
471,40.84369975,-73.9241062,46,0.0,MULTI DWELL - APT BUILD,False,18-24,M,BLACK,25-44,M,BLACK
472,40.84369975,-73.91294134,46,0.0,MULTI DWELL - APT BUILD,False,25-44,M,BLACK,25-44,M,BLACK
473,40.84369975,-73.90177648000001,48,0.0,MULTI DWELL - APT BUILD,False,25-44,M,BLACK,25-44,M,BLACK
474,40.84369975,-73.89061162,48,0.0,MULTI DWELL - APT BUILD,False,25-44,M,BLACK,18-24,M,BLACK
475,40.84369975,-73.87944676000001,48,0.0,MULTI DWELL - APT BUILD,False,18-24,M,WHITE HISPANIC,25-44,M,BLACK
476,40.84369975,-73.8682819,49,0.0,,False,18-24,M,BLACK HISPANIC,<18,M,BLACK
477,40.84369975,-73.85711704,49,0.0,BAR/NIGHT CLUB,True,25-44,M,WHITE,25-44,M,WHITE
478,40.84369975,-73.84595218,45,0.0,PVT HOUSE,False,,,,25-44,M,WHITE HISPANIC
479,40.84369975,-73.83478732,45,0.0,MULTI DWELL - APT BUILD,False,25-44,M,WHITE HISPANIC,18-24,M,WHITE HISPANIC
480,40.84369975,-73.82362246000001,45,0.0,PVT HOUSE,True,25-44,M,WHITE,25-44,F,WHITE
481,40.84369975,-73.80129274000001,45,0.0,,False,,,,25-44,M,BLACK
482,40.8543445,-73.93527106,34,0.0,MULTI DWELL - APT BUILD,False,25-44,M,WHITE HISPANIC,25-44,M,WHITE HISPANIC
483,40.8543445,-73.9241062,34,0.0,RESTAURANT/DINER,False,25-44,M,BLACK,25-44,M,BLACK HISPANIC
484,40.8543445,-73.91294134,52,0.0,MULTI DWELL - APT BUILD,False,18-24,M,BLACK,25-44,M,WHITE HISPANIC
485,40.8543445,-73.90177648000001,46,0.0,MULTI DWELL - APT BUILD,False,25-44,M,BLACK,25-44,M,BLACK
486,40.8543445,-73.89061162,48,0.0,MULTI DWELL - APT BUILD,False,18-24,M,WHITE HISPANIC,18-24,M,BLACK
487,40.8543445,-73.87944676000001,49,0.0,,False,18-24,M,WHITE HISPANIC,25-44,M,BLACK
488,40.8543445,-73.8682819,49,0.0,MULTI DWELL - PUBLIC HOUS,False,25-44,M,BLACK,25-44,M,WHITE HISPANIC
489,40.8543445,-73.85711704,49,0.0,PVT HOUSE,False,18-24,M,WHITE HISPANIC,18-24,M,BLACK
490,40.8543445,-73.84595218,49,0.0,MULTI DWELL - PUBLIC HOUS,False,25-44,M,WHITE HISPANIC,18-24,M,BLACK
491,40.8543445,-73.83478732,45,0.0,,False,,,,25-44,M,BLACK
492,40.8543445,-73.82362246000001,45,0.0,MULTI DWELL - APT BUILD,False,<18,M,BLACK,18-24,M,BLACK
493,40.8543445,-73.80129274000001,45,0.0,,True,65+,M,WHITE HISPANIC,45-64,F,BLACK
494,40.86498925,-73.93527106,34,0.0,BAR/NIGHT CLUB,False,25-44,M,BLACK,25-44,M,BLACK
495,40.86498925,-73.9241062,34,0.0,COMMERCIAL BLDG,False,25-44,M,BLACK HISPANIC,25-44,M,WHITE HISPANIC
496,40.86498925,-73.91294134,50,0.0,MULTI DWELL - PUBLIC HOUS,False,25-44,M,BLACK,18-24,M,BLACK
497,40.86498925,-73.90177648000001,52,0.0,MULTI DWELL - APT BUILD,False,18-24,M,BLACK,25-44,M,WHITE HISPANIC
498,40.86498925,-73.89061162,52,0.0,SOCIAL CLUB/POLICY LOCATI,False,25-44,M,BLACK HISPANIC,25-44,M,BLACK
499,40.86498925,-73.87944676000001,52,0.0,MULTI DWELL - APT BUILD,False,25-44,M,BLACK,25-44,M,BLACK
500,40.86498925,-73.8682819,47,0.0,MULTI DWELL - PUBLIC HOUS,False,25-44,M,BLACK,18-24,M,BLACK
501,40.86498925,-73.85711704,49,0.0,MULTI DWELL - PUBLIC HOUS,False,25-44,M,BLACK,25-44,M,BLACK
502,40.86498925,-73.84595218,47,0.0,MULTI DWELL - APT BUILD,False,18-24,M,BLACK,25-44,M,BLACK
503,40.86498925,-73.83478732,45,0.0,DEPT STORE,False,25-44,M,BLACK,18-24,M,BLACK
504,40.86498925,-73.82362246000001,45,0.0,MULTI DWELL - APT BUILD,False,18-24,M,BLACK HISPANIC,25-44,M,BLACK
505,40.875634000000005,-73.91294134,50,0.0,MULTI DWELL - PUBLIC HOUS,False,18-24,M,WHITE HISPANIC,18-24,M,WHITE HISPANIC
506,40.875634000000005,-73.90177648000001,50,2.0,MULTI DWELL - PUBLIC HOUS,False,25-44,M,BLACK HISPANIC,25-44,M,BLACK
507,40.875634000000005,-73.89061162,52,0.0,MULTI DWELL - APT BUILD,False,25-44,M,BLACK,18-24,M,WHITE HISPANIC
508,40.875634000000005,-73.87944676000001,52,0.0,MULTI DWELL - APT BUILD,False,25-44,M,BLACK,18-24,M,WHITE HISPANIC
509,40.875634000000005,-73.8682819,47,0.0,PVT HOUSE,False,18-24,M,BLACK,25-44,M,BLACK
510,40.875634000000005,-73.85711704,47,0.0,MULTI DWELL - PUBLIC HOUS,False,25-44,M,BLACK,25-44,M,BLACK
511,40.875634000000005,-73.84595218,47,0.0,MULTI DWELL - PUBLIC HOUS,False,25-44,M,BLACK,25-44,M,BLACK
512,40.875634000000005,-73.83478732,45,0.0,MULTI DWELL - PUBLIC HOUS,False,25-44,M,BLACK,25-44,M,BLACK
513,40.875634000000005,-73.82362246000001,47,0.0,,True,25-44,M,BLACK,25-44,M,BLACK
514,40.88627875,-73.91294134,50,0.0,,False,25-44,M,WHITE HISPANIC,18-24,M,WHITE HISPANIC
515,40.88627875,-73.90177648000001,50,0.0,MULTI DWELL - APT BUILD,False,,,,18-24,M,BLACK HISPANIC
516,40.88627875,-73.89061162,50,0.0,,True,,,,18-24,M,BLACK HISPANIC
517,40.88627875,-73.8682819,47,0.0,MULTI DWELL - APT BUILD,False,25-44,M,BLACK,25-44,M,BLACK
518,40.88627875,-73.85711704,47,0.0,MULTI DWELL - PUBLIC HOUS,False,18-24,M,BLACK,18-24,M,BLACK
519,40.88627875,-73.84595218,47,0.0,MULTI DWELL - PUBLIC HOUS,False,25-44,M,BLACK,25-44,M,BLACK
520,40.88627875,-73.83478732,47,0.0,MULTI DWELL - APT BUILD,False,25-44,M,BLACK,25-44,M,BLACK
521,40.88627875,-73.82362246000001,45,0.0,,True,25-44,M,BLACK,25-44,M,BLACK
522,40.8969235,-73.8682819,47,0.0,PVT HOUSE,False,18-24,M,WHITE HISPANIC,18-24,M,BLACK
523,40.8969235,-73.85711704,47,0.0,MULTI DWELL - APT BUILD,False,18-24,M,BLACK,25-44,M,BLACK
524,40.8969235,-73.84595218,47,0.0,PVT HOUSE,False,25-44,M,BLACK,25-44,M,BLACK
525,40.907568250000004,-73.90177648000001,50,0.0,,False,,,,25-44,M,WHITE HISPANIC
