,sector laitude,sector longtitude,Arrests_PD_CD,Arrests_PD_DESC,Arrests_OFNS_DESC,Arrests_LAW_CODE,Arrests_LAW_CAT_CD,Arrests_ARREST_PRECINCT,Arrests_JURISDICTION_CODE,Arrests_AGE_GROUP,Arrests_PERP_SEX,Arrests_PERP_RACE
0,40.492423,-74.259052,905.0,"INTOXICATED DRIVING,ALCOHOL",DANGEROUS DRUGS,PL 2200300,M,123,0.0,25-44,M,WHITE
1,40.492423,-74.24788714,101.0,ASSAULT 3,DANGEROUS DRUGS,PL 1200001,M,123,0.0,25-44,M,WHITE
2,40.492423,-74.23672228,511.0,"CONTROLLED SUBSTANCE, POSSESSION 7",DANGEROUS DRUGS,PL 2200300,M,123,0.0,25-44,M,WHITE
3,40.50306775,-74.259052,339.0,"LARCENY,PETIT FROM OPEN AREAS,UNCLASSIFIED",PETIT LARCENY,PL 1552500,M,123,0.0,25-44,M,WHITE
4,40.50306775,-74.24788714,101.0,ASSAULT 3,DANGEROUS DRUGS,PL 1200001,M,123,0.0,25-44,M,WHITE
5,40.50306775,-74.23672228,922.0,"TRAFFIC,UNCLASSIFIED MISDEMEAN",DANGEROUS DRUGS,PL 2200300,M,123,0.0,25-44,M,WHITE
6,40.50306775,-74.22555742,339.0,ASSAULT 3,PETIT LARCENY,PL 1552500,M,123,0.0,<18,M,BLACK
7,40.50306775,-74.21439256,511.0,"CONTROLLED SUBSTANCE, POSSESSION 7",DANGEROUS DRUGS,PL 2200300,M,123,0.0,25-44,M,WHITE
8,40.50306775,-74.2032277,567.0,"MARIJUANA, POSSESSION 4 & 5",DANGEROUS DRUGS,PL 2211001,M,123,0.0,18-24,M,WHITE
9,40.513712500000004,-74.259052,511.0,"CONTROLLED SUBSTANCE, POSSESSION 7",DANGEROUS DRUGS,PL 2200300,M,123,0.0,45-64,M,WHITE
10,40.513712500000004,-74.24788714,905.0,"INTOXICATED DRIVING,ALCOHOL",DANGEROUS DRUGS,VTL11920U2,M,123,0.0,25-44,M,WHITE
11,40.513712500000004,-74.23672228,922.0,"TRAFFIC,UNCLASSIFIED MISDEMEAN",VEHICLE AND TRAFFIC LAWS,VTL0511001,M,123,0.0,25-44,M,WHITE
12,40.513712500000004,-74.22555742,922.0,"CONTROLLED SUBSTANCE, POSSESSION 7",DANGEROUS DRUGS,PL 2200300,M,123,0.0,25-44,M,WHITE
13,40.513712500000004,-74.21439256,511.0,"CONTROLLED SUBSTANCE, POSSESSION 7",DANGEROUS DRUGS,PL 2200300,M,123,0.0,25-44,M,WHITE
14,40.513712500000004,-74.2032277,511.0,"CONTROLLED SUBSTANCE, POSSESSION 7",DANGEROUS DRUGS,PL 2200300,M,123,0.0,25-44,M,WHITE
15,40.513712500000004,-74.19206283999999,511.0,"CONTROLLED SUBSTANCE, POSSESSION 7",DANGEROUS DRUGS,PL 2200300,M,123,0.0,25-44,M,WHITE
16,40.513712500000004,-74.18089798,114.0,OBSTR BREATH/CIRCUL,DANGEROUS DRUGS,PL 1211100,M,123,0.0,45-64,M,WHITE
17,40.52435725,-74.24788714,922.0,"INTOXICATED DRIVING,ALCOHOL",DANGEROUS DRUGS,VTL11920U2,M,123,0.0,25-44,M,WHITE
18,40.52435725,-74.23672228,922.0,"TRAFFIC,UNCLASSIFIED MISDEMEAN",VEHICLE AND TRAFFIC LAWS,VTL0511001,M,123,0.0,25-44,M,WHITE
19,40.52435725,-74.22555742,905.0,"INTOXICATED DRIVING,ALCOHOL",DANGEROUS DRUGS,PL 2200300,M,123,0.0,25-44,M,WHITE
20,40.52435725,-74.21439256,922.0,"CONTROLLED SUBSTANCE, POSSESSION 7",DANGEROUS DRUGS,PL 2200300,M,123,0.0,25-44,M,WHITE
21,40.52435725,-74.2032277,511.0,"CONTROLLED SUBSTANCE, POSSESSION 7",DANGEROUS DRUGS,PL 2200300,M,123,0.0,25-44,M,WHITE
22,40.52435725,-74.19206283999999,922.0,ASSAULT 3,DANGEROUS DRUGS,PL 1200001,M,123,0.0,<18,M,WHITE
23,40.52435725,-74.18089798,511.0,"INTOXICATED DRIVING,ALCOHOL",DANGEROUS DRUGS,PL 2200300,M,123,0.0,25-44,M,WHITE
24,40.52435725,-74.16973312,101.0,ASSAULT 3,DANGEROUS DRUGS,PL 1200001,M,123,0.0,25-44,M,WHITE
25,40.52435725,-74.15856826,922.0,"INTOXICATED DRIVING,ALCOHOL",DANGEROUS DRUGS,PL 2200300,M,123,0.0,25-44,M,WHITE
26,40.535002000000006,-74.24788714,905.0,"INTOXICATED DRIVING,ALCOHOL",INTOXICATED & IMPAIRED DRIVING,VTL11920U2,M,123,0.0,25-44,M,WHITE
27,40.535002000000006,-74.23672228,905.0,"INTOXICATED DRIVING,ALCOHOL",INTOXICATED & IMPAIRED DRIVING,VTL11920U2,M,123,0.0,25-44,M,WHITE
28,40.535002000000006,-74.22555742,490.0,"STOLEN PROPERTY 3,POSSESSION",POSSESSION OF STOLEN PROPERTY 5,PL 1654000,M,123,0.0,25-44,M,WHITE
29,40.535002000000006,-74.21439256,511.0,"CONTROLLED SUBSTANCE, POSSESSION 7",DANGEROUS DRUGS,PL 2200300,M,123,0.0,25-44,M,WHITE
30,40.535002000000006,-74.2032277,511.0,"CONTROLLED SUBSTANCE, POSSESSION 7",DANGEROUS DRUGS,PL 2200300,M,123,0.0,25-44,M,WHITE
31,40.535002000000006,-74.19206283999999,922.0,"INTOXICATED DRIVING,ALCOHOL",DANGEROUS DRUGS,PL 2200300,M,123,0.0,25-44,M,WHITE
32,40.535002000000006,-74.18089798,905.0,"INTOXICATED DRIVING,ALCOHOL",DANGEROUS DRUGS,PL 2200300,M,123,0.0,25-44,M,WHITE
33,40.535002000000006,-74.16973312,339.0,"LARCENY,PETIT FROM OPEN AREAS,UNCLASSIFIED",DANGEROUS DRUGS,PL 1552500,M,123,0.0,25-44,M,WHITE
34,40.535002000000006,-74.15856826,101.0,ASSAULT 3,DANGEROUS DRUGS,PL 1200001,M,122,0.0,25-44,M,WHITE
35,40.535002000000006,-74.1474034,905.0,"INTOXICATED DRIVING,ALCOHOL",DANGEROUS DRUGS,PL 1200001,M,122,0.0,25-44,M,WHITE
36,40.54564675,-74.23672228,922.0,"TRAFFIC,UNCLASSIFIED MISDEMEANOR",VEHICLE AND TRAFFIC LAWS,VTL0511001,M,123,0.0,25-44,M,WHITE
37,40.54564675,-74.22555742,922.0,"TRAFFIC,UNCLASSIFIED MISDEMEAN",VEHICLE AND TRAFFIC LAWS,VTL0511001,M,123,0.0,25-44,M,WHITE
38,40.54564675,-74.21439256,922.0,"TRAFFIC,UNCLASSIFIED MISDEMEAN",DANGEROUS DRUGS,VTL0511001,M,123,0.0,25-44,M,WHITE
39,40.54564675,-74.2032277,511.0,"CONTROLLED SUBSTANCE, POSSESSION 7",DANGEROUS DRUGS,PL 2200300,M,123,0.0,25-44,M,WHITE
40,40.54564675,-74.19206283999999,511.0,"CONTROLLED SUBSTANCE, POSSESSION 7",DANGEROUS DRUGS,PL 2200300,M,123,0.0,25-44,M,WHITE
41,40.54564675,-74.18089798,511.0,"CONTROLLED SUBSTANCE, POSSESSION 7",DANGEROUS DRUGS,PL 2200300,M,123,0.0,25-44,M,WHITE
42,40.54564675,-74.16973312,511.0,"CONTROLLED SUBSTANCE, POSSESSION 7",DANGEROUS DRUGS,PL 2200300,M,122,0.0,25-44,M,WHITE
43,40.54564675,-74.15856826,511.0,"CONTROLLED SUBSTANCE, POSSESSION 7",DANGEROUS DRUGS,PL 2200300,M,122,0.0,25-44,M,WHITE
44,40.54564675,-74.1474034,511.0,"CONTROLLED SUBSTANCE, POSSESSION 7",DANGEROUS DRUGS,PL 2200300,M,122,0.0,25-44,M,WHITE
45,40.54564675,-74.13623854,905.0,"INTOXICATED DRIVING,ALCOHOL",ASSAULT 3 & RELATED OFFENSES,PL 1200001,M,122,0.0,25-44,M,WHITE
46,40.54564675,-74.12507368,244.0,"BURGLARY,UNCLASSIFIED,UNKNOWN TIME",DANGEROUS DRUGS,PL 1402000,M,122,0.0,25-44,M,WHITE
47,40.54564675,-74.11390882,511.0,"CONTROLLED SUBSTANCE, POSSESSION 7",DANGEROUS DRUGS,PL 2200300,M,122,0.0,18-24,M,WHITE
48,40.54564675,-73.93527106,782.0,"WEAPONS, POSSESSION, ETC",DANGEROUS WEAPONS,PL 2650101,F,100,0.0,45-64,M,WHITE
49,40.54564675,-73.9241062,203.0,"TRESPASS 3, CRIMINAL",CRIMINAL TRESPASS,PL 140100A,M,100,0.0,45-64,M,BLACK
50,40.5562915,-74.21439256,922.0,"TRAFFIC,UNCLASSIFIED MISDEMEAN",VEHICLE AND TRAFFIC LAWS,VTL0511001,M,123,0.0,25-44,M,WHITE
51,40.5562915,-74.2032277,922.0,"INTOXICATED DRIVING,ALCOHOL",DANGEROUS DRUGS,VTL0511001,M,123,0.0,25-44,M,WHITE
52,40.5562915,-74.19206283999999,101.0,ASSAULT 3,DANGEROUS DRUGS,PL 2200300,M,123,0.0,25-44,M,WHITE
53,40.5562915,-74.18089798,511.0,"CONTROLLED SUBSTANCE, POSSESSION 7",DANGEROUS DRUGS,PL 2200300,M,123,0.0,25-44,M,WHITE
54,40.5562915,-74.16973312,511.0,"CONTROLLED SUBSTANCE, POSSESSION 7",DANGEROUS DRUGS,PL 2200300,M,122,0.0,25-44,M,WHITE
55,40.5562915,-74.15856826,511.0,"CONTROLLED SUBSTANCE, POSSESSION 7",DANGEROUS DRUGS,PL 2200300,M,122,0.0,25-44,M,WHITE
56,40.5562915,-74.1474034,101.0,ASSAULT 3,DANGEROUS DRUGS,PL 1200001,M,122,0.0,25-44,M,WHITE
57,40.5562915,-74.13623854,922.0,"TRAFFIC,UNCLASSIFIED MISDEMEAN",DANGEROUS DRUGS,VTL0511001,M,122,0.0,25-44,M,WHITE
58,40.5562915,-74.12507368,339.0,"LARCENY,PETIT FROM OPEN AREAS,UNCLASSIFIED",DANGEROUS DRUGS,PL 1552500,M,122,0.0,25-44,M,WHITE
59,40.5562915,-74.11390882,511.0,ASSAULT 3,DANGEROUS DRUGS,PL 2200300,M,122,0.0,25-44,M,WHITE
60,40.5562915,-74.10274396,101.0,ASSAULT 3,DANGEROUS DRUGS,PL 1200001,M,122,0.0,25-44,M,WHITE
61,40.5562915,-73.93527106,687.0,"CHILD,OFFENSES AGAINST,UNCLASSIFIED",OFFENSES RELATED TO CHILDREN,PL 2602002,M,100,0.0,45-64,M,WHITE
62,40.5562915,-73.9241062,905.0,"INTOXICATED DRIVING,ALCOHOL",ASSAULT 3 & RELATED OFFENSES,PL 1200001,M,100,0.0,45-64,M,WHITE
63,40.5562915,-73.91294134,109.0,"ASSAULT 2,1,UNCLASSIFIED",FELONY ASSAULT,PL 1200001,M,100,0.0,18-24,M,WHITE
64,40.5562915,-73.90177648000001,268.0,CRIMINAL MIS 2 & 3,CRIMINAL MISCHIEF & RELATED OF,PL 1450502,F,100,0.0,18-24,M,BLACK
65,40.5562915,-73.89061162,244.0,CRIMINAL MIS 2 & 3,BURGLARY,PL 1450502,F,100,0.0,45-64,M,WHITE
66,40.566936250000005,-74.18089798,339.0,"LARCENY,PETIT FROM OPEN AREAS,UNCLASSIFIED",PETIT LARCENY,PL 1552500,M,121,0.0,25-44,M,WHITE
67,40.566936250000005,-74.16973312,511.0,"CONTROLLED SUBSTANCE, POSSESSION 7",DANGEROUS DRUGS,PL 2200300,M,121,0.0,25-44,M,WHITE
68,40.566936250000005,-74.15856826,511.0,"CONTROLLED SUBSTANCE, POSSESSION 7",DANGEROUS DRUGS,PL 2200300,M,122,0.0,25-44,M,WHITE
69,40.566936250000005,-74.1474034,511.0,"CONTROLLED SUBSTANCE, POSSESSION 7",DANGEROUS DRUGS,PL 2200300,M,122,0.0,25-44,M,WHITE
70,40.566936250000005,-74.13623854,511.0,"CONTROLLED SUBSTANCE, POSSESSION 7",DANGEROUS DRUGS,PL 2200300,M,122,0.0,25-44,M,WHITE
71,40.566936250000005,-74.12507368,511.0,"CONTROLLED SUBSTANCE, POSSESSION 7",DANGEROUS DRUGS,PL 2200300,M,122,0.0,25-44,M,WHITE
72,40.566936250000005,-74.11390882,101.0,ASSAULT 3,ASSAULT 3 & RELATED OFFENSES,PL 1552500,M,122,0.0,25-44,M,WHITE
73,40.566936250000005,-74.10274396,511.0,"CONTROLLED SUBSTANCE, POSSESSION 7",DANGEROUS DRUGS,PL 2200300,M,122,0.0,25-44,M,WHITE
74,40.566936250000005,-74.0915791,511.0,"CONTROLLED SUBSTANCE, POSSESSION 7",DANGEROUS DRUGS,PL 2200300,M,122,0.0,25-44,M,WHITE
75,40.566936250000005,-74.01342508,101.0,ASSAULT 3,DANGEROUS DRUGS,PL 1200001,M,60,0.0,25-44,M,WHITE
76,40.566936250000005,-74.00226022,567.0,"MARIJUANA, POSSESSION 4 & 5",DANGEROUS DRUGS,PL 2211001,M,60,0.0,25-44,M,BLACK
77,40.566936250000005,-73.99109536,478.0,"THEFT OF SERVICES, UNCLASSIFIED",DANGEROUS DRUGS,PL 1651503,M,60,0.0,25-44,M,BLACK
78,40.566936250000005,-73.9799305,849.0,"NY STATE LAWS,UNCLASSIFIED VIOLATION",DANGEROUS DRUGS,LOC000000V,M,60,0.0,25-44,M,BLACK
79,40.566936250000005,-73.96876564,478.0,"THEFT OF SERVICES, UNCLASSIFIED",DANGEROUS DRUGS,PL 1651503,M,60,0.0,25-44,M,WHITE
80,40.566936250000005,-73.95760078,101.0,ASSAULT 3,ASSAULT 3 & RELATED OFFENSES,PL 1200001,M,60,0.0,18-24,M,WHITE
81,40.566936250000005,-73.94643592,101.0,ASSAULT 3,ASSAULT 3 & RELATED OFFENSES,PL 1200001,M,61,0.0,25-44,M,ASIAN / PACIFIC ISLANDER
82,40.566936250000005,-73.89061162,101.0,ASSAULT 3,ASSAULT 3 & RELATED OFFENSES,PL 1200001,M,100,0.0,45-64,M,WHITE
83,40.566936250000005,-73.8682819,905.0,"INTOXICATED DRIVING,ALCOHOL",INTOXICATED & IMPAIRED DRIVING,PL 1200001,M,100,0.0,25-44,M,WHITE
84,40.566936250000005,-73.85711704,101.0,ASSAULT 3,ASSAULT 3 & RELATED OFFENSES,PL 1200001,M,100,0.0,25-44,M,WHITE
85,40.566936250000005,-73.84595218,101.0,ASSAULT 3,ASSAULT 3 & RELATED OFFENSES,PL 1200001,M,100,0.0,18-24,M,WHITE
86,40.577581,-74.2032277,511.0,"CONTROLLED SUBSTANCE, POSSESSI",DANGEROUS DRUGS,PL 2200300,M,121,0.0,25-44,M,WHITE HISPANIC
87,40.577581,-74.19206283999999,565.0,"PROSTITUTION, PATRONIZING 4, 3",PROSTITUTION & RELATED OFFENSES,PL 2300400,M,121,0.0,25-44,M,WHITE
88,40.577581,-74.16973312,339.0,"LARCENY,PETIT FROM OPEN AREAS,UNCLASSIFIED",PETIT LARCENY,PL 1552500,M,121,0.0,25-44,M,WHITE
89,40.577581,-74.15856826,511.0,"CONTROLLED SUBSTANCE, POSSESSION 7",DANGEROUS DRUGS,PL 2200300,M,121,0.0,25-44,M,WHITE
90,40.577581,-74.1474034,511.0,"CONTROLLED SUBSTANCE, POSSESSION 7",DANGEROUS DRUGS,PL 2200300,M,121,0.0,25-44,M,WHITE
91,40.577581,-74.13623854,905.0,"INTOXICATED DRIVING,ALCOHOL",INTOXICATED & IMPAIRED DRIVING,VTL11920U2,M,122,0.0,25-44,M,WHITE
92,40.577581,-74.12507368,922.0,"INTOXICATED DRIVING,ALCOHOL",VEHICLE AND TRAFFIC LAWS,VTL11920U3,M,122,0.0,25-44,M,WHITE
93,40.577581,-74.11390882,922.0,"TRAFFIC,UNCLASSIFIED MISDEMEAN",DANGEROUS DRUGS,PL 2200300,M,122,0.0,25-44,M,WHITE
94,40.577581,-74.10274396,922.0,"TRAFFIC,UNCLASSIFIED MISDEMEAN",VEHICLE AND TRAFFIC LAWS,VTL0511001,M,122,0.0,25-44,M,WHITE
95,40.577581,-74.0915791,101.0,ASSAULT 3,ASSAULT 3 & RELATED OFFENSES,PL 1200001,M,122,0.0,25-44,M,WHITE
96,40.577581,-74.08041424,101.0,ASSAULT 3,ASSAULT 3 & RELATED OFFENSES,PL 1200001,M,122,0.0,25-44,M,WHITE
97,40.577581,-74.06924938,922.0,"TRAFFIC,UNCLASSIFIED MISDEMEAN",VEHICLE AND TRAFFIC LAWS,VTL0511001,M,122,0.0,18-24,M,WHITE
98,40.577581,-74.01342508,567.0,"MARIJUANA, POSSESSION 4 & 5",DANGEROUS DRUGS,PL 2211001,M,60,0.0,25-44,M,WHITE
99,40.577581,-74.00226022,567.0,"MARIJUANA, POSSESSION 4 & 5",DANGEROUS DRUGS,PL 2211001,M,60,0.0,25-44,M,BLACK
100,40.577581,-73.99109536,339.0,"LARCENY,PETIT FROM OPEN AREAS,UNCLASSIFIED",DANGEROUS DRUGS,PL 1552500,M,60,0.0,25-44,M,WHITE
101,40.577581,-73.9799305,101.0,ASSAULT 3,ASSAULT 3 & RELATED OFFENSES,PL 1200001,F,60,0.0,25-44,M,BLACK
102,40.577581,-73.96876564,101.0,ASSAULT 3,DANGEROUS DRUGS,PL 1200001,M,60,0.0,25-44,M,WHITE
103,40.577581,-73.95760078,478.0,"THEFT OF SERVICES, UNCLASSIFIED",OTHER OFFENSES RELATED TO THEFT,PL 1651503,M,61,0.0,25-44,M,WHITE
104,40.577581,-73.94643592,101.0,ASSAULT 3,DANGEROUS DRUGS,PL 1200001,M,61,0.0,25-44,M,WHITE
105,40.577581,-73.93527106,511.0,"CONTROLLED SUBSTANCE, POSSESSION 7",DANGEROUS DRUGS,PL 2200300,M,61,0.0,25-44,M,WHITE
106,40.577581,-73.9241062,511.0,"CONTROLLED SUBSTANCE, POSSESSION 7",DANGEROUS DRUGS,PL 2200300,M,61,0.0,18-24,M,WHITE
107,40.577581,-73.90177648000001,905.0,"INTOXICATED DRIVING,ALCOHOL",INTOXICATED & IMPAIRED DRIVING,PL 1553008,M,63,0.0,25-44,M,BLACK
108,40.577581,-73.8682819,922.0,"TRAFFIC,UNCLASSIFIED MISDEMEAN",VEHICLE AND TRAFFIC LAWS,PL 1200502,M,100,0.0,25-44,M,WHITE
109,40.577581,-73.85711704,101.0,ASSAULT 3,ASSAULT 3 & RELATED OFFENSES,PL 1200001,M,100,0.0,25-44,M,WHITE
110,40.577581,-73.84595218,101.0,ASSAULT 3,ASSAULT 3 & RELATED OFFENSES,PL 1200001,M,100,0.0,25-44,M,BLACK
111,40.577581,-73.83478732,101.0,ASSAULT 3,ASSAULT 3 & RELATED OFFENSES,PL 1200001,M,100,0.0,25-44,M,BLACK
112,40.577581,-73.82362246000001,779.0,ASSAULT 3,MISCELLANEOUS PENAL LAW,PL 1200001,M,100,0.0,25-44,M,BLACK
113,40.577581,-73.8124576,101.0,ASSAULT 3,DANGEROUS DRUGS,PL 1200001,M,100,0.0,25-44,M,BLACK
114,40.577581,-73.80129274000001,922.0,"TRAFFIC,UNCLASSIFIED MISDEMEANOR",VEHICLE AND TRAFFIC LAWS,VTL051101A,M,100,0.0,25-44,M,BLACK
115,40.58822575,-74.2032277,905.0,"INTOXICATED DRIVING,ALCOHOL",DANGEROUS DRUGS,PL 2200300,M,121,0.0,25-44,M,WHITE
116,40.58822575,-74.19206283999999,905.0,"INTOXICATED DRIVING,ALCOHOL",DANGEROUS DRUGS,PL 2200300,M,121,0.0,25-44,M,WHITE
117,40.58822575,-74.18089798,922.0,"TRAFFIC,UNCLASSIFIED MISDEMEANOR",VEHICLE AND TRAFFIC LAWS,VTL05110A2,M,121,0.0,25-44,M,WHITE
118,40.58822575,-74.16973312,511.0,"CONTROLLED SUBSTANCE, POSSESSION 7",DANGEROUS DRUGS,PL 2200300,M,121,0.0,25-44,M,WHITE
119,40.58822575,-74.15856826,567.0,"MARIJUANA, POSSESSION 4 & 5",DANGEROUS DRUGS,PL 2200300,M,121,0.0,25-44,M,WHITE
120,40.58822575,-74.1474034,101.0,ASSAULT 3,ASSAULT 3 & RELATED OFFENSES,PL 1200001,M,121,0.0,25-44,F,WHITE
121,40.58822575,-74.13623854,258.0,"CRIMINAL MISCHIEF 4TH, GRAFFITI",CRIMINAL MISCHIEF & RELATED OFFENSES,PL 1456500,M,122,0.0,<18,M,WHITE
122,40.58822575,-74.12507368,905.0,"INTOXICATED DRIVING,ALCOHOL",INTOXICATED & IMPAIRED DRIVING,VTL11920U3,M,121,0.0,25-44,F,WHITE
123,40.58822575,-74.11390882,922.0,"TRAFFIC,UNCLASSIFIED MISDEMEAN",DANGEROUS DRUGS,VTL0511001,M,122,0.0,25-44,M,WHITE
124,40.58822575,-74.10274396,922.0,"TRAFFIC,UNCLASSIFIED MISDEMEAN",VEHICLE AND TRAFFIC LAWS,VTL0511001,M,122,0.0,25-44,M,WHITE
125,40.58822575,-74.0915791,511.0,"CONTROLLED SUBSTANCE, POSSESSION 7",DANGEROUS DRUGS,PL 2200300,M,122,0.0,25-44,M,WHITE
126,40.58822575,-74.08041424,511.0,"CONTROLLED SUBSTANCE, POSSESSION 7",DANGEROUS DRUGS,PL 2200300,M,122,0.0,25-44,M,WHITE
127,40.58822575,-74.06924938,511.0,"CONTROLLED SUBSTANCE, POSSESSION 7",DANGEROUS DRUGS,PL 2200300,M,122,0.0,25-44,M,WHITE
128,40.58822575,-74.05808452,922.0,"TRAFFIC,UNCLASSIFIED MISDEMEAN",VEHICLE AND TRAFFIC LAWS,VTL0511001,M,120,13.0,65+,M,WHITE
129,40.58822575,-74.01342508,101.0,ASSAULT 3,ASSAULT 3 & RELATED OFFENSES,PL 1200001,M,62,0.0,25-44,M,WHITE
130,40.58822575,-74.00226022,339.0,"LARCENY,PETIT FROM OPEN AREAS,UNCLASSIFIED",PETIT LARCENY,PL 1552500,M,62,0.0,25-44,M,WHITE
131,40.58822575,-73.99109536,511.0,ASSAULT 3,DANGEROUS DRUGS,PL 2200300,M,60,0.0,25-44,M,BLACK
132,40.58822575,-73.9799305,511.0,"CONTROLLED SUBSTANCE, POSSESSION 7",DANGEROUS DRUGS,PL 2200300,M,61,0.0,25-44,M,WHITE
133,40.58822575,-73.96876564,101.0,ASSAULT 3,ASSAULT 3 & RELATED OFFENSES,PL 1200001,F,61,0.0,25-44,M,WHITE
134,40.58822575,-73.95760078,339.0,"LARCENY,PETIT FROM OPEN AREAS,UNCLASSIFIED",DANGEROUS DRUGS,PL 1552500,M,61,0.0,25-44,M,WHITE
135,40.58822575,-73.94643592,101.0,ASSAULT 3,DANGEROUS DRUGS,PL 1200001,M,61,0.0,25-44,M,BLACK
136,40.58822575,-73.93527106,511.0,"CONTROLLED SUBSTANCE, POSSESSION 7",DANGEROUS DRUGS,PL 2200300,M,61,0.0,25-44,M,WHITE
137,40.58822575,-73.9241062,101.0,ASSAULT 3,ASSAULT 3 & RELATED OFFENSES,PL 1200001,M,61,0.0,25-44,M,WHITE
138,40.58822575,-73.91294134,905.0,"INTOXICATED DRIVING,ALCOHOL",INTOXICATED & IMPAIRED DRIVING,VTL11920U2,M,63,0.0,25-44,M,BLACK
139,40.58822575,-73.90177648000001,101.0,ASSAULT 3,ASSAULT 3 & RELATED OFFENSES,PL 1601502,M,63,0.0,25-44,M,BLACK
140,40.58822575,-73.82362246000001,101.0,ASSAULT 3,ASSAULT 3 & RELATED OFFENSES,PL 1200001,M,100,0.0,25-44,M,BLACK
141,40.58822575,-73.8124576,922.0,ASSAULT 3,ASSAULT 3 & RELATED OFFENSES,PL 1200001,M,100,0.0,25-44,M,BLACK
142,40.58822575,-73.80129274000001,478.0,"THEFT OF SERVICES, UNCLASSIFIED",ASSAULT 3 & RELATED OFFENSES,PL 1651503,M,100,0.0,25-44,M,BLACK
143,40.58822575,-73.79012788,101.0,ASSAULT 3,DANGEROUS DRUGS,PL 1651503,M,101,0.0,25-44,M,BLACK
144,40.58822575,-73.77896302,101.0,ASSAULT 3,DANGEROUS DRUGS,PL 1200001,M,101,0.0,25-44,M,BLACK
145,40.58822575,-73.76779816000001,101.0,ASSAULT 3,ASSAULT 3 & RELATED OFFENSES,PL 1200001,M,101,0.0,25-44,M,BLACK
146,40.58822575,-73.7566333,101.0,ASSAULT 3,DANGEROUS DRUGS,PL 1200001,M,101,0.0,25-44,M,BLACK
147,40.58822575,-73.74546844000001,101.0,ASSAULT 3,DANGEROUS DRUGS,PL 2211001,M,101,0.0,25-44,M,BLACK
148,40.598870500000004,-74.2032277,339.0,"LARCENY,PETIT FROM OPEN AREAS,UNCLASSIFIED",PETIT LARCENY,PL 1552500,M,121,0.0,25-44,M,BLACK
149,40.598870500000004,-74.19206283999999,905.0,"INTOXICATED DRIVING,ALCOHOL",INTOXICATED & IMPAIRED DRIVING,VTL11920U3,M,121,0.0,25-44,M,WHITE
150,40.598870500000004,-74.18089798,905.0,"INTOXICATED DRIVING,ALCOHOL",INTOXICATED & IMPAIRED DRIVING,VTL11920U2,M,121,0.0,25-44,M,WHITE
151,40.598870500000004,-74.16973312,922.0,"CONTROLLED SUBSTANCE, POSSESSION 7",DANGEROUS DRUGS,PL 2200300,M,121,0.0,25-44,M,WHITE
152,40.598870500000004,-74.15856826,905.0,"INTOXICATED DRIVING,ALCOHOL",DANGEROUS DRUGS,VTL11920U2,M,121,0.0,25-44,M,WHITE
153,40.598870500000004,-74.1474034,905.0,"INTOXICATED DRIVING,ALCOHOL",DANGEROUS DRUGS,VTL11920U2,M,121,0.0,25-44,M,WHITE
154,40.598870500000004,-74.13623854,905.0,"INTOXICATED DRIVING,ALCOHOL",INTOXICATED & IMPAIRED DRIVING,PL 1200001,M,121,0.0,25-44,M,WHITE
155,40.598870500000004,-74.12507368,101.0,ASSAULT 3,DANGEROUS DRUGS,PL 1200001,M,122,0.0,25-44,M,BLACK
156,40.598870500000004,-74.11390882,244.0,"BURGLARY,UNCLASSIFIED,UNKNOWN",BURGLARY,PL 1402000,F,122,0.0,45-64,M,WHITE
157,40.598870500000004,-74.10274396,101.0,ASSAULT 3,ASSAULT 3 & RELATED OFFENSES,PL 1200001,M,122,0.0,25-44,M,WHITE
158,40.598870500000004,-74.0915791,922.0,"CONTROLLED SUBSTANCE, POSSESSION 7",DANGEROUS DRUGS,PL 2200300,M,122,0.0,25-44,M,WHITE
159,40.598870500000004,-74.08041424,511.0,"INTOXICATED DRIVING,ALCOHOL",DANGEROUS DRUGS,PL 2200300,M,122,0.0,25-44,M,WHITE
160,40.598870500000004,-74.06924938,922.0,"INTOXICATED DRIVING,ALCOHOL",VEHICLE AND TRAFFIC LAWS,VTL11920U2,M,122,4.0,25-44,M,WHITE
161,40.598870500000004,-74.05808452,101.0,ASSAULT 3,ASSAULT 3 & RELATED OFFENSES,PL 1200001,M,120,0.0,25-44,M,BLACK
162,40.598870500000004,-74.02458994,905.0,"INTOXICATED DRIVING,ALCOHOL",INTOXICATED & IMPAIRED DRIVING,VTL11920U2,M,62,0.0,25-44,M,WHITE
163,40.598870500000004,-74.01342508,101.0,ASSAULT 3,ASSAULT 3 & RELATED OFFENSES,PL 1200001,F,62,0.0,25-44,M,WHITE
164,40.598870500000004,-74.00226022,101.0,ASSAULT 3,ASSAULT 3 & RELATED OFFENSES,PL 1200001,M,62,0.0,25-44,M,WHITE
165,40.598870500000004,-73.99109536,101.0,ASSAULT 3,ASSAULT 3 & RELATED OFFENSES,PL 1200001,M,62,0.0,25-44,M,WHITE
166,40.598870500000004,-73.9799305,101.0,ASSAULT 3,DANGEROUS DRUGS,PL 1200001,M,62,0.0,25-44,M,WHITE
167,40.598870500000004,-73.96876564,922.0,ASSAULT 3,ASSAULT 3 & RELATED OFFENSES,PL 1200001,M,61,0.0,25-44,M,WHITE
168,40.598870500000004,-73.95760078,478.0,"THEFT OF SERVICES, UNCLASSIFIED",DANGEROUS DRUGS,PL 1651503,M,61,0.0,25-44,M,WHITE
169,40.598870500000004,-73.94643592,101.0,ASSAULT 3,DANGEROUS DRUGS,PL 2200300,M,61,0.0,25-44,M,WHITE
170,40.598870500000004,-73.93527106,567.0,"MARIJUANA, POSSESSION 4 & 5",DANGEROUS DRUGS,PL 2211001,M,63,0.0,25-44,M,WHITE
171,40.598870500000004,-73.9241062,922.0,"TRAFFIC,UNCLASSIFIED MISDEMEAN",VEHICLE AND TRAFFIC LAWS,VTL051101A,M,63,0.0,25-44,M,WHITE
172,40.598870500000004,-73.91294134,567.0,"MARIJUANA, POSSESSION 4 & 5",DANGEROUS DRUGS,PL 2211001,M,63,0.0,18-24,M,WHITE
173,40.598870500000004,-73.90177648000001,922.0,"TRAFFIC,UNCLASSIFIED MISDEMEAN",VEHICLE AND TRAFFIC LAWS,VTL0511001,M,75,0.0,25-44,M,BLACK
174,40.598870500000004,-73.82362246000001,849.0,"NY STATE LAWS,UNCLASSIFIED VIOLATION",OTHER STATE LAWS,LOC000000V,V,100,1.0,25-44,M,BLACK
175,40.598870500000004,-73.80129274000001,779.0,ASSAULT 3,MISCELLANEOUS PENAL LAW,PL 215510B,F,100,0.0,25-44,M,BLACK
176,40.598870500000004,-73.77896302,101.0,ASSAULT 3,ASSAULT 3 & RELATED OFFENSES,PL 1200001,M,101,0.0,25-44,M,BLACK
177,40.598870500000004,-73.76779816000001,101.0,ASSAULT 3,ASSAULT 3 & RELATED OFFENSES,PL 1200001,M,101,0.0,25-44,M,BLACK
178,40.598870500000004,-73.7566333,779.0,ASSAULT 3,MISCELLANEOUS PENAL LAW,PL 1200001,M,101,0.0,25-44,M,BLACK
179,40.598870500000004,-73.74546844000001,339.0,"LARCENY,PETIT FROM OPEN AREAS,UNCLASSIFIED",PETIT LARCENY,PL 1552500,M,101,0.0,25-44,M,BLACK
180,40.60951525,-74.19206283999999,922.0,"INTOXICATED DRIVING,ALCOHOL",INTOXICATED & IMPAIRED DRIVING,VTL11920U2,M,121,0.0,25-44,M,WHITE
181,40.60951525,-74.18089798,905.0,"INTOXICATED DRIVING,ALCOHOL",INTOXICATED & IMPAIRED DRIVING,VTL11920U2,M,121,0.0,25-44,M,WHITE
182,40.60951525,-74.16973312,511.0,"CONTROLLED SUBSTANCE, POSSESSION 7",DANGEROUS DRUGS,PL 2200300,M,121,0.0,25-44,M,WHITE
183,40.60951525,-74.15856826,905.0,"INTOXICATED DRIVING,ALCOHOL",DANGEROUS DRUGS,VTL11920U2,M,121,0.0,25-44,M,WHITE
184,40.60951525,-74.1474034,101.0,ASSAULT 3,DANGEROUS DRUGS,PL 1200001,M,121,0.0,25-44,M,WHITE
185,40.60951525,-74.13623854,101.0,ASSAULT 3,DANGEROUS DRUGS,PL 1200001,M,120,0.0,25-44,M,WHITE
186,40.60951525,-74.12507368,905.0,"INTOXICATED DRIVING,ALCOHOL",INTOXICATED & IMPAIRED DRIVING,VTL11920U2,M,120,0.0,25-44,M,WHITE
187,40.60951525,-74.11390882,922.0,"INTOXICATED DRIVING,ALCOHOL",DANGEROUS DRUGS,VTL0511001,M,120,0.0,25-44,M,WHITE
188,40.60951525,-74.10274396,922.0,"INTOXICATED DRIVING,ALCOHOL",DANGEROUS DRUGS,VTL0511001,M,120,0.0,25-44,M,WHITE
189,40.60951525,-74.0915791,567.0,"MARIJUANA, POSSESSION 4 & 5",DANGEROUS DRUGS,PL 2211001,M,120,0.0,25-44,M,BLACK
190,40.60951525,-74.08041424,101.0,ASSAULT 3,DANGEROUS DRUGS,PL 1200001,M,120,0.0,25-44,M,BLACK
191,40.60951525,-74.06924938,397.0,"ROBBERY,UNCLASSIFIED,OPEN AREAS",DANGEROUS DRUGS,PL 2200300,M,120,0.0,25-44,M,WHITE
192,40.60951525,-74.04691966,567.0,"MARIJUANA, POSSESSION 4 & 5",DANGEROUS DRUGS,PL 2211001,M,68,0.0,25-44,M,WHITE
193,40.60951525,-74.0357548,101.0,"INTOXICATED DRIVING,ALCOHOL",DANGEROUS DRUGS,PL 2200300,M,68,0.0,25-44,M,WHITE
194,40.60951525,-74.02458994,922.0,"TRAFFIC,UNCLASSIFIED MISDEMEAN",DANGEROUS DRUGS,VTL0511001,M,68,0.0,25-44,M,WHITE
195,40.60951525,-74.01342508,101.0,ASSAULT 3,DANGEROUS DRUGS,PL 1200001,M,62,0.0,25-44,M,WHITE
196,40.60951525,-74.00226022,101.0,ASSAULT 3,DANGEROUS DRUGS,PL 1200001,M,62,0.0,25-44,M,WHITE HISPANIC
197,40.60951525,-73.99109536,101.0,ASSAULT 3,ASSAULT 3 & RELATED OFFENSES,PL 1200001,M,62,0.0,25-44,M,WHITE
198,40.60951525,-73.9799305,101.0,ASSAULT 3,ASSAULT 3 & RELATED OFFENSES,PL 1200001,M,66,0.0,25-44,M,WHITE
199,40.60951525,-73.96876564,339.0,"LARCENY,PETIT FROM OPEN AREAS,UNCLASSIFIED",DANGEROUS DRUGS,PL 1552500,M,70,0.0,25-44,M,WHITE
200,40.60951525,-73.95760078,101.0,ASSAULT 3,DANGEROUS DRUGS,PL 1552500,M,70,0.0,25-44,M,WHITE
201,40.60951525,-73.94643592,339.0,ASSAULT 3,DANGEROUS DRUGS,PL 1552500,M,63,0.0,25-44,M,WHITE
202,40.60951525,-73.93527106,922.0,"TRAFFIC,UNCLASSIFIED MISDEMEAN",DANGEROUS DRUGS,VTL0511001,M,63,0.0,25-44,M,BLACK
203,40.60951525,-73.9241062,339.0,"LARCENY,PETIT FROM OPEN AREAS,UNCLASSIFIED",PETIT LARCENY,PL 1552500,M,63,0.0,25-44,M,BLACK
204,40.60951525,-73.91294134,101.0,ASSAULT 3,DANGEROUS DRUGS,PL 2200300,M,63,0.0,25-44,M,WHITE
205,40.60951525,-73.90177648000001,339.0,"LARCENY,PETIT FROM OPEN AREAS,UNCLASSIFIED",DANGEROUS DRUGS,PL 2211001,M,63,0.0,25-44,M,WHITE
206,40.60951525,-73.82362246000001,922.0,"TRAFFIC,UNCLASSIFIED MISDEMEAN",VEHICLE AND TRAFFIC LAWS,VTL051101A,M,100,0.0,25-44,M,WHITE
207,40.60951525,-73.77896302,567.0,"MARIJUANA, POSSESSION 4 & 5",DANGEROUS DRUGS,PL 2211001,M,101,0.0,18-24,M,BLACK
208,40.60951525,-73.76779816000001,101.0,ASSAULT 3,ASSAULT 3 & RELATED OFFENSES,PL 1200001,F,101,0.0,25-44,M,BLACK
209,40.60951525,-73.7566333,922.0,"MARIJUANA, POSSESSION 4 & 5",DANGEROUS DRUGS,PL 2211001,M,101,0.0,25-44,M,BLACK
210,40.60951525,-73.74546844000001,922.0,"INTOXICATED DRIVING,ALCOHOL",OTHER TRAFFIC INFRACTION,VTL051101A,M,101,0.0,25-44,M,BLACK
211,40.62016,-74.19206283999999,905.0,"INTOXICATED DRIVING,ALCOHOL",INTOXICATED & IMPAIRED DRIVING,VTL11920U2,M,121,0.0,25-44,M,WHITE
212,40.62016,-74.18089798,339.0,"LARCENY,PETIT FROM OPEN AREAS,UNCLASSIFIED",PETIT LARCENY,PL 1552500,M,121,0.0,25-44,M,WHITE
213,40.62016,-74.16973312,905.0,"INTOXICATED DRIVING,ALCOHOL",DANGEROUS DRUGS,VTL11920U2,M,121,0.0,25-44,M,BLACK
214,40.62016,-74.15856826,339.0,"LARCENY,PETIT FROM OPEN AREAS,UNCLASSIFIED",PETIT LARCENY,PL 1552500,M,121,0.0,25-44,M,BLACK
215,40.62016,-74.1474034,922.0,"CONTROLLED SUBSTANCE, POSSESSION 7",DANGEROUS DRUGS,PL 2200300,M,121,0.0,25-44,M,BLACK
216,40.62016,-74.13623854,339.0,ASSAULT 3,ASSAULT 3 & RELATED OFFENSES,PL 1552500,M,120,0.0,25-44,M,WHITE
217,40.62016,-74.12507368,101.0,ASSAULT 3,DANGEROUS DRUGS,PL 1200001,M,120,0.0,25-44,M,BLACK
218,40.62016,-74.11390882,905.0,"INTOXICATED DRIVING,ALCOHOL",INTOXICATED & IMPAIRED DRIVING,VTL11920U2,M,120,0.0,25-44,M,WHITE
219,40.62016,-74.10274396,905.0,"INTOXICATED DRIVING,ALCOHOL",INTOXICATED & IMPAIRED DRIVING,PL 1200001,M,120,0.0,25-44,M,WHITE
220,40.62016,-74.0915791,101.0,ASSAULT 3,DANGEROUS DRUGS,PL 1200001,M,120,0.0,25-44,M,BLACK
221,40.62016,-74.08041424,511.0,ASSAULT 3,DANGEROUS DRUGS,PL 2200300,M,120,0.0,25-44,M,BLACK
222,40.62016,-74.04691966,567.0,"MARIJUANA, POSSESSION 4 & 5",DANGEROUS DRUGS,PL 2211001,M,68,0.0,18-24,M,WHITE
223,40.62016,-74.0357548,339.0,"LARCENY,PETIT FROM OPEN AREAS,UNCLASSIFIED",PETIT LARCENY,PL 1552500,M,68,0.0,25-44,M,WHITE
224,40.62016,-74.02458994,567.0,"MARIJUANA, POSSESSION 4 & 5",DANGEROUS DRUGS,PL 2211001,M,68,0.0,25-44,M,WHITE
225,40.62016,-74.01342508,922.0,"TRAFFIC,UNCLASSIFIED MISDEMEAN",DANGEROUS DRUGS,VTL0511001,M,68,0.0,25-44,M,WHITE
226,40.62016,-74.00226022,101.0,ASSAULT 3,DANGEROUS DRUGS,PL 1200001,M,66,0.0,25-44,M,WHITE HISPANIC
227,40.62016,-73.99109536,101.0,ASSAULT 3,ASSAULT 3 & RELATED OFFENSES,PL 1200001,F,66,0.0,25-44,M,WHITE
228,40.62016,-73.9799305,779.0,ASSAULT 3,MISCELLANEOUS PENAL LAW,PL 1200001,F,70,0.0,25-44,M,BLACK
229,40.62016,-73.96876564,478.0,"THEFT OF SERVICES, UNCLASSIFIED",OTHER OFFENSES RELATED TO THEFT,PL 1651503,M,70,0.0,25-44,M,WHITE
230,40.62016,-73.95760078,101.0,ASSAULT 3,ASSAULT 3 & RELATED OFFENSES,PL 1200001,M,70,0.0,25-44,M,BLACK
231,40.62016,-73.94643592,101.0,ASSAULT 3,ASSAULT 3 & RELATED OFFENSES,PL 1200001,F,63,0.0,25-44,M,BLACK
232,40.62016,-73.93527106,922.0,ASSAULT 3,ASSAULT 3 & RELATED OFFENSES,PL 1200001,M,63,0.0,25-44,M,BLACK
233,40.62016,-73.9241062,101.0,ASSAULT 3,ASSAULT 3 & RELATED OFFENSES,PL 1200001,M,63,0.0,25-44,M,BLACK
234,40.62016,-73.91294134,567.0,"MARIJUANA, POSSESSION 4 & 5",DANGEROUS DRUGS,PL 2211001,M,63,0.0,25-44,M,BLACK
235,40.62016,-73.90177648000001,567.0,"MARIJUANA, POSSESSION 4 & 5",DANGEROUS DRUGS,PL 2211001,M,69,0.0,25-44,M,BLACK
236,40.62016,-73.89061162,567.0,"MARIJUANA, POSSESSION 4 & 5",DANGEROUS DRUGS,PL 2211001,M,69,0.0,25-44,M,BLACK
237,40.63080475,-74.19206283999999,511.0,"CONTROLLED SUBSTANCE, POSSESSION 7",DANGEROUS DRUGS,PL 2200300,M,121,0.0,25-44,M,WHITE
238,40.63080475,-74.18089798,101.0,ASSAULT 3,DANGEROUS DRUGS,PL 1200001,M,121,0.0,25-44,M,BLACK
239,40.63080475,-74.16973312,567.0,"MARIJUANA, POSSESSION 4 & 5",DANGEROUS DRUGS,PL 2211001,M,121,0.0,25-44,M,BLACK
240,40.63080475,-74.15856826,101.0,ASSAULT 3,DANGEROUS DRUGS,PL 1200001,M,121,0.0,25-44,M,BLACK
241,40.63080475,-74.1474034,101.0,ASSAULT 3,DANGEROUS DRUGS,PL 1200001,M,121,0.0,25-44,M,BLACK
242,40.63080475,-74.13623854,511.0,"CONTROLLED SUBSTANCE, POSSESSION 7",DANGEROUS DRUGS,PL 2200300,M,121,0.0,25-44,M,BLACK
243,40.63080475,-74.12507368,567.0,"MARIJUANA, POSSESSION 4 & 5",DANGEROUS DRUGS,PL 2211001,M,120,0.0,25-44,M,BLACK
244,40.63080475,-74.11390882,101.0,ASSAULT 3,ASSAULT 3 & RELATED OFFENSES,PL 1200001,M,120,0.0,25-44,M,BLACK
245,40.63080475,-74.10274396,101.0,ASSAULT 3,ASSAULT 3 & RELATED OFFENSES,PL 1200001,M,120,0.0,25-44,M,BLACK
246,40.63080475,-74.0915791,101.0,ASSAULT 3,DANGEROUS DRUGS,PL 2200300,M,120,0.0,25-44,M,BLACK
247,40.63080475,-74.08041424,511.0,"CONTROLLED SUBSTANCE, POSSESSION 7",DANGEROUS DRUGS,PL 2200300,M,120,0.0,25-44,M,BLACK
248,40.63080475,-74.04691966,567.0,"MARIJUANA, POSSESSION 4 & 5",DANGEROUS DRUGS,PL 2211001,M,68,0.0,18-24,M,WHITE
249,40.63080475,-74.0357548,101.0,ASSAULT 3,DANGEROUS DRUGS,PL 1200001,M,68,0.0,25-44,M,WHITE
250,40.63080475,-74.02458994,101.0,ASSAULT 3,DANGEROUS DRUGS,PL 1200001,M,68,0.0,25-44,M,WHITE HISPANIC
251,40.63080475,-74.01342508,511.0,"CONTROLLED SUBSTANCE, POSSESSION 7",DANGEROUS DRUGS,PL 2200300,M,72,0.0,25-44,M,ASIAN / PACIFIC ISLANDER
252,40.63080475,-74.00226022,101.0,ASSAULT 3,ASSAULT 3 & RELATED OFFENSES,PL 1552500,M,66,0.0,25-44,M,WHITE HISPANIC
253,40.63080475,-73.99109536,101.0,ASSAULT 3,ASSAULT 3 & RELATED OFFENSES,PL 1552500,M,66,0.0,25-44,M,WHITE HISPANIC
254,40.63080475,-73.9799305,101.0,ASSAULT 3,ASSAULT 3 & RELATED OFFENSES,PL 1200001,M,66,0.0,25-44,M,WHITE
255,40.63080475,-73.96876564,101.0,ASSAULT 3,ASSAULT 3 & RELATED OFFENSES,PL 1200001,M,70,0.0,25-44,M,BLACK
256,40.63080475,-73.95760078,478.0,"THEFT OF SERVICES, UNCLASSIFIED",DANGEROUS DRUGS,PL 1651503,M,70,0.0,25-44,M,BLACK
257,40.63080475,-73.94643592,339.0,"LARCENY,PETIT FROM OPEN AREAS,UNCLASSIFIED",PETIT LARCENY,PL 1552500,M,67,0.0,25-44,M,BLACK
258,40.63080475,-73.93527106,922.0,ASSAULT 3,ASSAULT 3 & RELATED OFFENSES,PL 1200001,M,63,0.0,25-44,M,BLACK
259,40.63080475,-73.9241062,922.0,ASSAULT 3,DANGEROUS DRUGS,PL 1200001,M,63,0.0,25-44,M,BLACK
260,40.63080475,-73.91294134,101.0,ASSAULT 3,ASSAULT 3 & RELATED OFFENSES,PL 1200001,M,69,0.0,25-44,M,BLACK
261,40.63080475,-73.90177648000001,101.0,ASSAULT 3,ASSAULT 3 & RELATED OFFENSES,PL 1200001,M,69,0.0,25-44,M,BLACK
262,40.63080475,-73.89061162,567.0,"MARIJUANA, POSSESSION 4 & 5",DANGEROUS DRUGS,PL 2211001,M,69,0.0,25-44,M,BLACK
263,40.63080475,-73.87944676000001,109.0,"ASSAULT 2,1,UNCLASSIFIED",FELONY ASSAULT,PL 1200502,F,75,0.0,45-64,M,BLACK
264,40.63080475,-73.74546844000001,511.0,"TRAFFIC,UNCLASSIFIED MISDEMEAN",DANGEROUS DRUGS,VTL0511001,M,105,0.0,25-44,M,BLACK
265,40.6414495,-74.12507368,922.0,"CONTROLLED SUBSTANCE, POSSESSION 7",DANGEROUS DRUGS,PL 2200300,M,120,0.0,25-44,M,BLACK
266,40.6414495,-74.11390882,922.0,"INTOXICATED DRIVING,ALCOHOL",DANGEROUS DRUGS,PL 2211001,M,120,0.0,25-44,M,BLACK
267,40.6414495,-74.10274396,101.0,ASSAULT 3,DANGEROUS DRUGS,PL 1200001,M,120,0.0,25-44,M,BLACK
268,40.6414495,-74.0915791,101.0,ASSAULT 3,DANGEROUS DRUGS,PL 1200001,M,120,0.0,25-44,M,BLACK
269,40.6414495,-74.08041424,101.0,ASSAULT 3,ASSAULT 3 & RELATED OFFENSES,PL 1200001,F,120,0.0,25-44,M,BLACK
270,40.6414495,-74.02458994,511.0,"CONTROLLED SUBSTANCE, POSSESSION 7",DANGEROUS DRUGS,PL 2200300,M,72,0.0,25-44,M,WHITE HISPANIC
271,40.6414495,-74.01342508,101.0,ASSAULT 3,DANGEROUS DRUGS,PL 1200001,M,72,0.0,25-44,M,WHITE HISPANIC
272,40.6414495,-74.00226022,101.0,ASSAULT 3,DANGEROUS DRUGS,PL 1200001,M,66,0.0,25-44,M,WHITE HISPANIC
273,40.6414495,-73.99109536,101.0,ASSAULT 3,ASSAULT 3 & RELATED OFFENSES,PL 1200001,M,66,0.0,25-44,M,WHITE HISPANIC
274,40.6414495,-73.9799305,101.0,ASSAULT 3,ASSAULT 3 & RELATED OFFENSES,PL 1200001,M,66,0.0,25-44,M,WHITE HISPANIC
275,40.6414495,-73.96876564,101.0,ASSAULT 3,DANGEROUS DRUGS,PL 1200001,M,70,0.0,25-44,M,BLACK
276,40.6414495,-73.95760078,101.0,ASSAULT 3,ASSAULT 3 & RELATED OFFENSES,PL 1200001,M,67,0.0,25-44,M,BLACK
277,40.6414495,-73.94643592,567.0,"MARIJUANA, POSSESSION 4 & 5",DANGEROUS DRUGS,PL 2211001,M,67,0.0,25-44,M,BLACK
278,40.6414495,-73.93527106,922.0,"TRAFFIC,UNCLASSIFIED INFRACTION",DANGEROUS DRUGS,VTL051101A,M,67,0.0,25-44,M,BLACK
279,40.6414495,-73.9241062,101.0,ASSAULT 3,ASSAULT 3 & RELATED OFFENSES,PL 1200001,M,67,0.0,25-44,M,BLACK
280,40.6414495,-73.91294134,478.0,"THEFT OF SERVICES, UNCLASSIFIED",OTHER OFFENSES RELATED TO THEFT,PL 1651503,M,69,0.0,25-44,M,BLACK
281,40.6414495,-73.90177648000001,567.0,"MARIJUANA, POSSESSION 4 & 5",DANGEROUS DRUGS,PL 2211001,M,69,0.0,25-44,M,BLACK
282,40.6414495,-73.89061162,101.0,ASSAULT 3,ASSAULT 3 & RELATED OFFENSES,PL 1200001,M,75,0.0,25-44,M,BLACK
283,40.6414495,-73.87944676000001,339.0,"LARCENY,PETIT FROM OPEN AREAS,UNCLASSIFIED",PETIT LARCENY,PL 1552500,M,75,0.0,25-44,M,BLACK
284,40.6414495,-73.8682819,905.0,"INTOXICATED DRIVING,ALCOHOL",INTOXICATED & IMPAIRED DRIVING,VTL11920U2,M,75,0.0,25-44,M,BLACK
285,40.6414495,-73.85711704,101.0,ASSAULT 3,ASSAULT 3 & RELATED OFFENSES,PL 1200001,M,106,0.0,25-44,M,WHITE
286,40.6414495,-73.84595218,905.0,"INTOXICATED DRIVING,ALCOHOL",DANGEROUS DRUGS,PL 2300000,M,106,0.0,25-44,M,WHITE
287,40.6414495,-73.83478732,101.0,ASSAULT 3,DANGEROUS DRUGS,PL 1200001,M,106,0.0,25-44,M,WHITE
288,40.6414495,-73.79012788,101.0,ASSAULT 3,DANGEROUS DRUGS,PL 1200001,M,113,0.0,25-44,M,WHITE HISPANIC
289,40.6414495,-73.74546844000001,101.0,ASSAULT 3,ASSAULT 3 & RELATED OFFENSES,PL 1200001,M,105,0.0,25-44,M,BLACK
290,40.6414495,-73.73430358,779.0,ASSAULT 3,MISCELLANEOUS PENAL LAW,PL 1200001,F,105,0.0,25-44,M,BLACK
291,40.652094250000005,-74.02458994,922.0,"TRAFFIC,UNCLASSIFIED MISDEMEAN",DANGEROUS DRUGS,VTL0511001,M,72,0.0,25-44,M,WHITE HISPANIC
292,40.652094250000005,-74.01342508,339.0,"INTOXICATED DRIVING,ALCOHOL",PETIT LARCENY,PL 1552500,M,72,0.0,25-44,M,WHITE HISPANIC
293,40.652094250000005,-74.00226022,101.0,ASSAULT 3,ASSAULT 3 & RELATED OFFENSES,PL 1200001,F,72,0.0,25-44,M,WHITE HISPANIC
294,40.652094250000005,-73.99109536,101.0,ASSAULT 3,ASSAULT 3 & RELATED OFFENSES,PL 1200001,M,72,0.0,25-44,M,BLACK
295,40.652094250000005,-73.9799305,849.0,"NY STATE LAWS,UNCLASSIFIED VIOLATION",OTHER STATE LAWS,LOC000000V,M,72,0.0,25-44,M,WHITE
296,40.652094250000005,-73.96876564,567.0,"MARIJUANA, POSSESSION 4 & 5",DANGEROUS DRUGS,PL 2211001,M,71,0.0,25-44,M,BLACK
297,40.652094250000005,-73.95760078,567.0,"MARIJUANA, POSSESSION 4 & 5",DANGEROUS DRUGS,PL 2211001,M,71,0.0,25-44,M,BLACK
298,40.652094250000005,-73.94643592,101.0,ASSAULT 3,DANGEROUS DRUGS,PL 2200300,M,71,0.0,25-44,M,BLACK
299,40.652094250000005,-73.93527106,969.0,ASSAULT 3,DANGEROUS DRUGS,PL 1200001,M,67,0.0,25-44,M,BLACK
300,40.652094250000005,-73.9241062,101.0,ASSAULT 3,DANGEROUS DRUGS,PL 1200001,M,67,0.0,25-44,M,BLACK
301,40.652094250000005,-73.91294134,101.0,ASSAULT 3,DANGEROUS DRUGS,PL 1200001,M,73,0.0,25-44,M,BLACK
302,40.652094250000005,-73.90177648000001,567.0,"MARIJUANA, POSSESSION 4 & 5",DANGEROUS DRUGS,PL 2211001,M,75,0.0,25-44,M,BLACK
303,40.652094250000005,-73.89061162,567.0,"MARIJUANA, POSSESSION 4 & 5",DANGEROUS DRUGS,PL 2211001,M,75,0.0,25-44,M,BLACK
304,40.652094250000005,-73.87944676000001,339.0,"LARCENY,PETIT FROM OPEN AREAS,UNCLASSIFIED",PETIT LARCENY,PL 1552500,M,75,0.0,25-44,M,BLACK
305,40.652094250000005,-73.8682819,339.0,"LARCENY,PETIT FROM OPEN AREAS,",PETIT LARCENY,PL 1552500,M,75,0.0,25-44,M,BLACK
306,40.652094250000005,-73.85711704,101.0,ASSAULT 3,DANGEROUS DRUGS,PL 1200001,F,106,0.0,25-44,M,WHITE
307,40.652094250000005,-73.84595218,339.0,"INTOXICATED DRIVING,ALCOHOL",DANGEROUS DRUGS,PL 1552500,M,106,0.0,25-44,M,WHITE
308,40.652094250000005,-73.83478732,849.0,"NY STATE LAWS,UNCLASSIFIED VIOLATION",OTHER STATE LAWS,LOC000000V,M,106,1.0,25-44,M,BLACK
309,40.652094250000005,-73.8124576,16.0,FUGITIVE/OTHER STATES,FOR OTHER AUTHORITIES,FOA9000016,,106,0.0,25-44,M,BLACK
310,40.652094250000005,-73.79012788,49.0,U.S. CODE UNCLASSIFIED,FOR OTHER AUTHORITIES,FOA9000049,,113,0.0,25-44,M,WHITE HISPANIC
311,40.652094250000005,-73.77896302,101.0,ASSAULT 3,ASSAULT 3 & RELATED OFFENSES,PL 1200001,M,105,0.0,25-44,M,BLACK
312,40.652094250000005,-73.76779816000001,101.0,ASSAULT 3,DANGEROUS DRUGS,PL 1200001,M,105,0.0,25-44,M,BLACK
313,40.652094250000005,-73.7566333,101.0,ASSAULT 3,ASSAULT 3 & RELATED OFFENSES,PL 1200001,M,105,0.0,25-44,M,BLACK
314,40.652094250000005,-73.74546844000001,101.0,ASSAULT 3,ASSAULT 3 & RELATED OFFENSES,PL 1200001,M,105,0.0,25-44,M,BLACK
315,40.652094250000005,-73.73430358,101.0,ASSAULT 3,ASSAULT 3 & RELATED OFFENSES,PL 1200001,M,105,0.0,25-44,M,BLACK
316,40.662739,-74.01342508,567.0,"MARIJUANA, POSSESSION 4 & 5",DANGEROUS DRUGS,PL 2211001,M,76,0.0,25-44,M,BLACK
317,40.662739,-74.00226022,339.0,"LARCENY,PETIT FROM OPEN AREAS,UNCLASSIFIED",DANGEROUS DRUGS,PL 1552500,M,72,0.0,25-44,M,WHITE HISPANIC
318,40.662739,-73.99109536,478.0,"THEFT OF SERVICES, UNCLASSIFIED",OTHER OFFENSES RELATED TO THEFT,PL 1651503,M,78,0.0,25-44,M,WHITE HISPANIC
319,40.662739,-73.9799305,101.0,ASSAULT 3,ASSAULT 3 & RELATED OFFENSES,PL 1200001,M,78,0.0,25-44,M,BLACK
320,40.662739,-73.96876564,478.0,"THEFT OF SERVICES, UNCLASSIFIED",DANGEROUS DRUGS,PL 1651503,M,71,0.0,25-44,M,BLACK
321,40.662739,-73.95760078,101.0,ASSAULT 3,ASSAULT 3 & RELATED OFFENSES,PL 1200001,M,71,0.0,25-44,M,BLACK
322,40.662739,-73.94643592,511.0,"MARIJUANA, POSSESSION 4 & 5",DANGEROUS DRUGS,PL 2200300,M,77,0.0,25-44,M,BLACK
323,40.662739,-73.93527106,478.0,"THEFT OF SERVICES, UNCLASSIFIED",DANGEROUS DRUGS,PL 1651503,M,77,0.0,25-44,M,BLACK
324,40.662739,-73.9241062,101.0,ASSAULT 3,ASSAULT 3 & RELATED OFFENSES,PL 1200001,M,73,0.0,25-44,M,BLACK
325,40.662739,-73.91294134,849.0,"NY STATE LAWS,UNCLASSIFIED VIOLATION",DANGEROUS DRUGS,LOC000000V,M,73,0.0,25-44,M,BLACK
326,40.662739,-73.90177648000001,101.0,ASSAULT 3,DANGEROUS DRUGS,PL 1651503,M,75,0.0,25-44,M,BLACK
327,40.662739,-73.89061162,101.0,ASSAULT 3,ASSAULT 3 & RELATED OFFENSES,PL 1200001,F,75,0.0,25-44,M,BLACK
328,40.662739,-73.87944676000001,567.0,"MARIJUANA, POSSESSION 4 & 5",DANGEROUS DRUGS,PL 2211001,M,75,0.0,25-44,M,BLACK
329,40.662739,-73.8682819,567.0,"MARIJUANA, POSSESSION 4 & 5",DANGEROUS DRUGS,PL 2211001,M,75,0.0,25-44,M,BLACK
330,40.662739,-73.85711704,101.0,ASSAULT 3,ASSAULT 3 & RELATED OFFENSES,PL 1200001,M,106,0.0,25-44,M,WHITE
331,40.662739,-73.84595218,922.0,ASSAULT 3,DANGEROUS DRUGS,PL 1200001,M,106,0.0,25-44,M,WHITE
332,40.662739,-73.83478732,478.0,"THEFT OF SERVICES, UNCLASSIFIED",OTHER OFFENSES RELATED TO THEFT,PL 1651503,M,106,0.0,25-44,M,BLACK
333,40.662739,-73.82362246000001,101.0,ASSAULT 3,ASSAULT 3 & RELATED OFFENSES,PL 1200001,M,106,0.0,25-44,M,ASIAN / PACIFIC ISLANDER
334,40.662739,-73.8124576,49.0,ASSAULT 3,ASSAULT 3 & RELATED OFFENSES,FOA9000049,M,106,0.0,25-44,M,BLACK
335,40.662739,-73.80129274000001,101.0,ASSAULT 3,ASSAULT 3 & RELATED OFFENSES,PL 1200001,M,113,0.0,25-44,M,BLACK
336,40.662739,-73.79012788,922.0,"TRAFFIC,UNCLASSIFIED MISDEMEAN",VEHICLE AND TRAFFIC LAWS,VTL0511001,M,113,0.0,25-44,M,BLACK
337,40.662739,-73.77896302,922.0,ASSAULT 3,DANGEROUS DRUGS,PL 1200001,M,113,0.0,25-44,M,BLACK
338,40.662739,-73.76779816000001,922.0,"TRAFFIC,UNCLASSIFIED MISDEMEAN",DANGEROUS DRUGS,VTL0511001,M,113,0.0,25-44,M,BLACK
339,40.662739,-73.7566333,101.0,ASSAULT 3,DANGEROUS DRUGS,PL 1200001,M,105,0.0,25-44,M,BLACK
340,40.662739,-73.74546844000001,922.0,"TRAFFIC,UNCLASSIFIED MISDEMEAN",VEHICLE AND TRAFFIC LAWS,VTL0511001,M,105,0.0,25-44,M,BLACK
341,40.662739,-73.73430358,101.0,ASSAULT 3,ASSAULT 3 & RELATED OFFENSES,PL 1200001,M,105,0.0,25-44,M,BLACK
342,40.67338375,-74.02458994,101.0,ASSAULT 3,ASSAULT 3 & RELATED OFFENSES,PL 1200001,M,76,0.0,25-44,M,BLACK
343,40.67338375,-74.01342508,922.0,"MARIJUANA, POSSESSION 4 & 5",DANGEROUS DRUGS,PL 2200300,M,76,0.0,25-44,M,BLACK
344,40.67338375,-74.00226022,922.0,"TRAFFIC,UNCLASSIFIED MISDEMEAN",DANGEROUS DRUGS,VTL0511001,M,76,0.0,25-44,M,BLACK
345,40.67338375,-73.99109536,511.0,"CONTROLLED SUBSTANCE, POSSESSION 7",DANGEROUS DRUGS,PL 2200300,M,78,0.0,25-44,M,BLACK
346,40.67338375,-73.9799305,339.0,"LARCENY,PETIT FROM OPEN AREAS,UNCLASSIFIED",PETIT LARCENY,PL 1552500,M,78,0.0,25-44,M,BLACK
347,40.67338375,-73.96876564,397.0,"ROBBERY,UNCLASSIFIED,OPEN AREAS",DANGEROUS DRUGS,PL 1651503,M,77,0.0,25-44,M,BLACK
348,40.67338375,-73.95760078,478.0,"THEFT OF SERVICES, UNCLASSIFIED",DANGEROUS DRUGS,PL 1651503,M,79,0.0,25-44,M,BLACK
349,40.67338375,-73.94643592,478.0,"THEFT OF SERVICES, UNCLASSIFIED",DANGEROUS DRUGS,PL 1651503,M,79,0.0,25-44,M,BLACK
350,40.67338375,-73.93527106,478.0,"THEFT OF SERVICES, UNCLASSIFIED",ASSAULT 3 & RELATED OFFENSES,PL 1651503,M,77,0.0,25-44,M,BLACK
351,40.67338375,-73.9241062,567.0,"MARIJUANA, POSSESSION 4 & 5",DANGEROUS DRUGS,PL 2211001,M,73,0.0,25-44,M,BLACK
352,40.67338375,-73.91294134,849.0,"NY STATE LAWS,UNCLASSIFIED VIOLATION",DANGEROUS DRUGS,LOC000000V,M,73,0.0,25-44,M,BLACK
353,40.67338375,-73.90177648000001,478.0,"THEFT OF SERVICES, UNCLASSIFIED",DANGEROUS DRUGS,PL 1651503,M,75,0.0,25-44,M,BLACK
354,40.67338375,-73.89061162,567.0,"MARIJUANA, POSSESSION 4 & 5",DANGEROUS DRUGS,PL 2211001,M,75,0.0,25-44,M,BLACK
355,40.67338375,-73.87944676000001,478.0,"THEFT OF SERVICES, UNCLASSIFIED",DANGEROUS DRUGS,PL 1651503,M,75,0.0,25-44,M,BLACK
356,40.67338375,-73.8682819,478.0,"THEFT OF SERVICES, UNCLASSIFIED",DANGEROUS DRUGS,PL 1651503,M,75,0.0,25-44,M,BLACK
357,40.67338375,-73.85711704,101.0,ASSAULT 3,DANGEROUS DRUGS,PL 1200001,M,106,0.0,25-44,M,WHITE HISPANIC
358,40.67338375,-73.84595218,101.0,ASSAULT 3,ASSAULT 3 & RELATED OFFENSES,PL 1200001,M,106,0.0,25-44,M,BLACK
359,40.67338375,-73.83478732,203.0,"TRESPASS 3, CRIMINAL",CRIMINAL TRESPASS,PL 1552500,M,106,0.0,25-44,M,ASIAN / PACIFIC ISLANDER
360,40.67338375,-73.82362246000001,101.0,ASSAULT 3,ASSAULT 3 & RELATED OFFENSES,PL 1200001,M,106,0.0,25-44,M,ASIAN / PACIFIC ISLANDER
361,40.67338375,-73.8124576,101.0,ASSAULT 3,DANGEROUS DRUGS,PL 1200001,M,106,0.0,25-44,M,BLACK
362,40.67338375,-73.80129274000001,922.0,ASSAULT 3,DANGEROUS DRUGS,PL 1200001,M,113,0.0,25-44,M,BLACK
363,40.67338375,-73.79012788,922.0,"TRAFFIC,UNCLASSIFIED MISDEMEAN",DANGEROUS DRUGS,VTL0511001,M,113,0.0,25-44,M,BLACK
364,40.67338375,-73.77896302,922.0,"TRAFFIC,UNCLASSIFIED MISDEMEAN",VEHICLE AND TRAFFIC LAWS,VTL1220B01,M,113,0.0,25-44,M,BLACK
365,40.67338375,-73.76779816000001,922.0,"TRAFFIC,UNCLASSIFIED MISDEMEAN",VEHICLE AND TRAFFIC LAWS,PL 1552500,M,113,0.0,25-44,M,BLACK
366,40.67338375,-73.7566333,339.0,"LARCENY,PETIT FROM OPEN AREAS,UNCLASSIFIED",DANGEROUS DRUGS,PL 1552500,M,105,0.0,25-44,M,BLACK
367,40.67338375,-73.74546844000001,922.0,"TRAFFIC,UNCLASSIFIED MISDEMEAN",DANGEROUS DRUGS,VTL0511001,M,105,0.0,25-44,M,BLACK
368,40.67338375,-73.73430358,922.0,"TRAFFIC,UNCLASSIFIED MISDEMEAN",VEHICLE AND TRAFFIC LAWS,VTL0511001,M,105,0.0,25-44,M,BLACK
369,40.684028500000004,-74.01342508,969.0,"TRAFFIC,UNCLASSIFIED INFRACTION",OTHER TRAFFIC INFRACTION,VTL051101A,M,76,0.0,25-44,M,BLACK
370,40.684028500000004,-74.00226022,339.0,"LARCENY,PETIT FROM OPEN AREAS,UNCLASSIFIED",PETIT LARCENY,PL 1552500,M,76,0.0,25-44,M,BLACK
371,40.684028500000004,-73.99109536,478.0,"THEFT OF SERVICES, UNCLASSIFIED",OTHER OFFENSES RELATED TO THEFT,PL 1651503,M,84,0.0,25-44,M,BLACK
372,40.684028500000004,-73.9799305,339.0,"LARCENY,PETIT FROM OPEN AREAS,UNCLASSIFIED",PETIT LARCENY,PL 1552500,M,88,0.0,25-44,M,BLACK
373,40.684028500000004,-73.96876564,101.0,ASSAULT 3,ASSAULT 3 & RELATED OFFENSES,PL 1200001,M,88,0.0,25-44,M,BLACK
374,40.684028500000004,-73.95760078,101.0,ASSAULT 3,DANGEROUS DRUGS,PL 1200001,M,79,0.0,25-44,M,BLACK
375,40.684028500000004,-73.94643592,101.0,ASSAULT 3,DANGEROUS DRUGS,PL 1200001,M,79,0.0,25-44,M,BLACK
376,40.684028500000004,-73.93527106,101.0,ASSAULT 3,DANGEROUS DRUGS,PL 1200001,M,81,0.0,25-44,M,BLACK
377,40.684028500000004,-73.9241062,101.0,ASSAULT 3,DANGEROUS DRUGS,PL 1200001,M,81,0.0,25-44,M,BLACK
378,40.684028500000004,-73.91294134,511.0,"CONTROLLED SUBSTANCE, POSSESSION 7",DANGEROUS DRUGS,PL 2200300,M,83,0.0,25-44,M,BLACK
379,40.684028500000004,-73.90177648000001,922.0,"TRAFFIC,UNCLASSIFIED MISDEMEAN",DANGEROUS DRUGS,VTL0511001,M,104,0.0,25-44,M,WHITE HISPANIC
380,40.684028500000004,-73.89061162,567.0,"MARIJUANA, POSSESSION 4 & 5",DANGEROUS DRUGS,PL 2211001,M,75,0.0,25-44,M,WHITE HISPANIC
381,40.684028500000004,-73.87944676000001,567.0,"MARIJUANA, POSSESSION 4 & 5",DANGEROUS DRUGS,PL 2211001,M,75,0.0,25-44,M,WHITE HISPANIC
382,40.684028500000004,-73.8682819,101.0,ASSAULT 3,DANGEROUS DRUGS,PL 1200001,M,102,0.0,25-44,M,WHITE HISPANIC
383,40.684028500000004,-73.85711704,101.0,ASSAULT 3,DANGEROUS DRUGS,PL 1200001,M,102,0.0,25-44,M,WHITE HISPANIC
384,40.684028500000004,-73.84595218,101.0,ASSAULT 3,DANGEROUS DRUGS,PL 1200001,M,102,0.0,25-44,M,WHITE HISPANIC
385,40.684028500000004,-73.83478732,101.0,ASSAULT 3,ASSAULT 3 & RELATED OFFENSES,PL 1200001,M,102,0.0,25-44,M,ASIAN / PACIFIC ISLANDER
386,40.684028500000004,-73.82362246000001,101.0,ASSAULT 3,ASSAULT 3 & RELATED OFFENSES,PL 1200001,M,106,0.0,25-44,M,ASIAN / PACIFIC ISLANDER
387,40.684028500000004,-73.8124576,101.0,ASSAULT 3,DANGEROUS DRUGS,PL 1200001,M,103,0.0,25-44,M,BLACK
388,40.684028500000004,-73.80129274000001,922.0,"TRAFFIC,UNCLASSIFIED MISDEMEAN",DANGEROUS DRUGS,VTL0511001,M,113,0.0,25-44,M,BLACK
389,40.684028500000004,-73.79012788,922.0,ASSAULT 3,DANGEROUS DRUGS,PL 1200001,M,113,0.0,25-44,M,BLACK
390,40.684028500000004,-73.77896302,922.0,"TRAFFIC,UNCLASSIFIED MISDEMEAN",VEHICLE AND TRAFFIC LAWS,VTL0511001,M,113,0.0,25-44,M,BLACK
391,40.684028500000004,-73.76779816000001,922.0,ASSAULT 3,DANGEROUS DRUGS,PL 1200001,M,113,0.0,25-44,M,BLACK
392,40.684028500000004,-73.7566333,101.0,ASSAULT 3,ASSAULT 3 & RELATED OFFENSES,PL 1200001,M,113,0.0,25-44,M,BLACK
393,40.684028500000004,-73.74546844000001,922.0,ASSAULT 3,DANGEROUS DRUGS,PL 2211001,M,105,0.0,25-44,M,BLACK
394,40.684028500000004,-73.73430358,922.0,ASSAULT 3,DANGEROUS DRUGS,PL 1200001,M,105,0.0,25-44,M,BLACK
395,40.69467325,-74.02458994,848.0,"NY STATE LAWS,UNCLASSIFIED MISDEMEANOR",OTHER STATE LAWS (NON PENAL LAW),LOC00000UM,M,1,0.0,25-44,M,BLACK
396,40.69467325,-74.01342508,478.0,"THEFT OF SERVICES, UNCLASSIFIED",OTHER OFFENSES RELATED TO THEFT,PL 1651503,M,1,0.0,25-44,M,BLACK
397,40.69467325,-74.00226022,101.0,ASSAULT 3,ASSAULT 3 & RELATED OFFENSES,PL 1200001,M,84,0.0,25-44,M,BLACK
398,40.69467325,-73.99109536,101.0,ASSAULT 3,ASSAULT 3 & RELATED OFFENSES,PL 1200001,F,84,0.0,25-44,M,BLACK
399,40.69467325,-73.9799305,567.0,"MARIJUANA, POSSESSION 4 & 5",DANGEROUS DRUGS,PL 2211001,M,88,0.0,25-44,M,BLACK
400,40.69467325,-73.96876564,101.0,ASSAULT 3,DANGEROUS DRUGS,PL 1200001,M,90,0.0,25-44,M,BLACK
401,40.69467325,-73.95760078,478.0,"THEFT OF SERVICES, UNCLASSIFIED",DANGEROUS DRUGS,PL 1651503,M,79,0.0,25-44,M,BLACK
402,40.69467325,-73.94643592,849.0,"NY STATE LAWS,UNCLASSIFIED VIOLATION",DANGEROUS DRUGS,PL 2200300,M,79,0.0,25-44,M,BLACK
403,40.69467325,-73.93527106,101.0,ASSAULT 3,DANGEROUS DRUGS,PL 2200300,M,83,0.0,25-44,M,WHITE HISPANIC
404,40.69467325,-73.9241062,101.0,ASSAULT 3,ASSAULT 3 & RELATED OFFENSES,PL 1200001,M,83,0.0,25-44,M,WHITE HISPANIC
405,40.69467325,-73.91294134,478.0,"THEFT OF SERVICES, UNCLASSIFIED",OTHER OFFENSES RELATED TO THEFT,PL 1651503,M,104,0.0,25-44,M,WHITE HISPANIC
406,40.69467325,-73.90177648000001,101.0,ASSAULT 3,ASSAULT 3 & RELATED OFFENSES,PL 1200001,M,104,0.0,25-44,M,WHITE HISPANIC
407,40.69467325,-73.89061162,101.0,ASSAULT 3,DANGEROUS DRUGS,PL 1200001,M,104,0.0,25-44,M,WHITE
408,40.69467325,-73.87944676000001,511.0,"CONTROLLED SUBSTANCE, POSSESSION 7",DANGEROUS DRUGS,PL 2200300,M,104,0.0,25-44,M,WHITE
409,40.69467325,-73.8682819,567.0,"MARIJUANA, POSSESSION 4 & 5",DANGEROUS DRUGS,PL 2211001,M,102,0.0,25-44,M,WHITE HISPANIC
410,40.69467325,-73.85711704,567.0,"MARIJUANA, POSSESSION 4 & 5",DANGEROUS DRUGS,PL 2211001,M,102,0.0,25-44,M,WHITE HISPANIC
411,40.69467325,-73.84595218,101.0,ASSAULT 3,DANGEROUS DRUGS,PL 1200001,M,102,0.0,25-44,M,WHITE HISPANIC
412,40.69467325,-73.83478732,101.0,ASSAULT 3,ASSAULT 3 & RELATED OFFENSES,PL 1200001,F,102,0.0,25-44,M,WHITE HISPANIC
413,40.69467325,-73.82362246000001,101.0,ASSAULT 3,DANGEROUS DRUGS,PL 1200001,M,102,0.0,25-44,M,BLACK
414,40.69467325,-73.8124576,478.0,"THEFT OF SERVICES, UNCLASSIFIED",DANGEROUS DRUGS,PL 1651503,M,103,0.0,25-44,M,BLACK
415,40.69467325,-73.80129274000001,478.0,"THEFT OF SERVICES, UNCLASSIFIED",DANGEROUS DRUGS,PL 1651503,M,103,0.0,25-44,M,BLACK
416,40.69467325,-73.79012788,511.0,"CONTROLLED SUBSTANCE, POSSESSION 7",DANGEROUS DRUGS,PL 2200300,M,103,0.0,25-44,M,BLACK
417,40.69467325,-73.77896302,101.0,ASSAULT 3,ASSAULT 3 & RELATED OFFENSES,PL 1200001,M,113,0.0,25-44,M,BLACK
418,40.69467325,-73.76779816000001,101.0,ASSAULT 3,DANGEROUS DRUGS,PL 1200001,M,113,0.0,25-44,M,BLACK
419,40.69467325,-73.7566333,101.0,ASSAULT 3,DANGEROUS DRUGS,PL 1200001,M,113,0.0,25-44,M,BLACK
420,40.69467325,-73.74546844000001,101.0,ASSAULT 3,DANGEROUS DRUGS,PL 1200001,M,105,0.0,25-44,M,BLACK
421,40.69467325,-73.73430358,567.0,"MARIJUANA, POSSESSION 4 & 5",DANGEROUS DRUGS,PL 2211001,M,105,0.0,25-44,M,BLACK
422,40.705318000000005,-74.02458994,922.0,ASSAULT 3,ASSAULT 3 & RELATED OFFENSES,PL 1552500,M,1,0.0,25-44,M,BLACK
423,40.705318000000005,-74.01342508,339.0,"LARCENY,PETIT FROM OPEN AREAS,UNCLASSIFIED",PETIT LARCENY,PL 1552500,M,1,0.0,25-44,M,BLACK
424,40.705318000000005,-74.00226022,439.0,"LARCENY,GRAND FROM OPEN AREAS,UNCLASSIFIED",GRAND LARCENY,PL 1200001,F,5,0.0,25-44,M,BLACK
425,40.705318000000005,-73.99109536,101.0,ASSAULT 3,ASSAULT 3 & RELATED OFFENSES,PL 1200001,M,7,0.0,25-44,M,BLACK
426,40.705318000000005,-73.9799305,922.0,"TRAFFIC,UNCLASSIFIED MISDEMEAN",DANGEROUS DRUGS,VTL0511001,M,7,0.0,25-44,M,WHITE HISPANIC
427,40.705318000000005,-73.96876564,478.0,"THEFT OF SERVICES, UNCLASSIFIED",DANGEROUS DRUGS,PL 1651503,M,90,0.0,25-44,M,WHITE HISPANIC
428,40.705318000000005,-73.95760078,101.0,ASSAULT 3,DANGEROUS DRUGS,PL 1200001,M,90,0.0,25-44,M,WHITE HISPANIC
429,40.705318000000005,-73.94643592,478.0,"THEFT OF SERVICES, UNCLASSIFIED",DANGEROUS DRUGS,PL 1651503,M,90,0.0,25-44,M,WHITE HISPANIC
430,40.705318000000005,-73.93527106,478.0,"THEFT OF SERVICES, UNCLASSIFIED",OTHER OFFENSES RELATED TO THEFT,PL 1651503,M,90,0.0,25-44,M,WHITE HISPANIC
431,40.705318000000005,-73.9241062,478.0,"THEFT OF SERVICES, UNCLASSIFIED",DANGEROUS DRUGS,PL 1651503,M,104,0.0,25-44,M,WHITE HISPANIC
432,40.705318000000005,-73.91294134,101.0,ASSAULT 3,DANGEROUS DRUGS,PL 1200001,M,104,0.0,25-44,M,WHITE HISPANIC
433,40.705318000000005,-73.90177648000001,339.0,"LARCENY,PETIT FROM OPEN AREAS,UNCLASSIFIED",PETIT LARCENY,PL 1552500,M,104,0.0,25-44,M,WHITE
434,40.705318000000005,-73.89061162,339.0,ASSAULT 3,DANGEROUS DRUGS,PL 1552500,M,104,0.0,25-44,M,WHITE
435,40.705318000000005,-73.87944676000001,101.0,ASSAULT 3,DANGEROUS DRUGS,PL 1200001,M,104,0.0,25-44,M,WHITE
436,40.705318000000005,-73.8682819,339.0,"LARCENY,PETIT FROM OPEN AREAS,UNCLASSIFIED",PETIT LARCENY,PL 1552500,M,112,0.0,25-44,M,WHITE
437,40.705318000000005,-73.85711704,922.0,"TRAFFIC,UNCLASSIFIED MISDEMEAN",DANGEROUS DRUGS,PL 1552500,M,112,0.0,25-44,M,WHITE
438,40.705318000000005,-73.84595218,905.0,"INTOXICATED DRIVING,ALCOHOL",ASSAULT 3 & RELATED OFFENSES,PL 1200001,M,112,0.0,25-44,M,WHITE
439,40.705318000000005,-73.83478732,744.0,BAIL JUMPING 3,OFFENSES AGAINST PUBLIC ADMINISTRATION,PL 2155500,M,102,0.0,25-44,M,BLACK
440,40.705318000000005,-73.82362246000001,101.0,ASSAULT 3,ASSAULT 3 & RELATED OFFENSES,PL 1200001,M,107,0.0,25-44,M,WHITE HISPANIC
441,40.705318000000005,-73.8124576,922.0,"TRAFFIC,UNCLASSIFIED MISDEMEAN",VEHICLE AND TRAFFIC LAWS,VTL0511001,M,107,0.0,25-44,M,BLACK
442,40.705318000000005,-73.80129274000001,101.0,ASSAULT 3,ASSAULT 3 & RELATED OFFENSES,PL 1200001,M,103,0.0,25-44,M,BLACK
443,40.705318000000005,-73.79012788,101.0,ASSAULT 3,DANGEROUS DRUGS,PL 1200001,M,103,0.0,25-44,M,BLACK
444,40.705318000000005,-73.77896302,101.0,ASSAULT 3,ASSAULT 3 & RELATED OFFENSES,PL 1200001,M,103,0.0,25-44,M,BLACK
445,40.705318000000005,-73.76779816000001,101.0,ASSAULT 3,DANGEROUS DRUGS,PL 1200001,M,103,0.0,25-44,M,BLACK
446,40.705318000000005,-73.7566333,922.0,ASSAULT 3,DANGEROUS DRUGS,PL 1200001,M,105,0.0,25-44,M,BLACK
447,40.705318000000005,-73.74546844000001,922.0,ASSAULT 3,DANGEROUS DRUGS,PL 1200001,M,105,0.0,25-44,M,BLACK
448,40.705318000000005,-73.73430358,922.0,"TRAFFIC,UNCLASSIFIED MISDEMEAN",DANGEROUS DRUGS,VTL0511001,M,105,0.0,25-44,M,BLACK
449,40.71596275,-74.02458994,101.0,ASSAULT 3,DANGEROUS DRUGS,PL 1200001,M,1,0.0,25-44,M,WHITE
450,40.71596275,-74.01342508,849.0,"NY STATE LAWS,UNCLASSIFIED VIOLATION",OTHER STATE LAWS,LOC000000V,M,1,0.0,25-44,M,BLACK
451,40.71596275,-74.00226022,339.0,"NY STATE LAWS,UNCLASSIFIED MISDEMEANOR",PETIT LARCENY,PL 1552500,M,5,0.0,25-44,M,BLACK
452,40.71596275,-73.99109536,101.0,ASSAULT 3,DANGEROUS DRUGS,PL 1200001,M,7,0.0,25-44,M,BLACK
453,40.71596275,-73.9799305,205.0,"TRESPASS 2, CRIMINAL",DANGEROUS DRUGS,PL 1200001,M,9,2.0,25-44,M,WHITE HISPANIC
454,40.71596275,-73.96876564,478.0,"THEFT OF SERVICES, UNCLASSIFIED",DANGEROUS DRUGS,PL 1651503,M,94,0.0,25-44,M,WHITE
455,40.71596275,-73.95760078,101.0,ASSAULT 3,ASSAULT 3 & RELATED OFFENSES,PL 1200001,M,94,0.0,25-44,M,WHITE
456,40.71596275,-73.94643592,511.0,"CONTROLLED SUBSTANCE, POSSESSION 7",DANGEROUS DRUGS,PL 2200300,M,94,0.0,25-44,M,WHITE
457,40.71596275,-73.93527106,339.0,"LARCENY,PETIT FROM OPEN AREAS,UNCLASSIFIED",PETIT LARCENY,PL 1552500,M,90,0.0,25-44,M,BLACK
458,40.71596275,-73.9241062,922.0,"TRAFFIC,UNCLASSIFIED MISDEMEAN",VEHICLE AND TRAFFIC LAWS,VTL0511001,M,108,0.0,25-44,M,WHITE HISPANIC
459,40.71596275,-73.91294134,101.0,ASSAULT 3,DANGEROUS DRUGS,PL 1200001,M,104,0.0,25-44,M,WHITE
460,40.71596275,-73.90177648000001,511.0,"CONTROLLED SUBSTANCE, POSSESSION 7",DANGEROUS DRUGS,PL 2200300,M,104,0.0,25-44,M,WHITE
461,40.71596275,-73.89061162,101.0,ASSAULT 3,DANGEROUS DRUGS,PL 1200001,M,104,0.0,25-44,M,WHITE
462,40.71596275,-73.87944676000001,101.0,ASSAULT 3,ASSAULT 3 & RELATED OFFENSES,PL 1200001,M,104,0.0,25-44,M,WHITE
463,40.71596275,-73.8682819,922.0,"TRAFFIC,UNCLASSIFIED MISDEMEAN",VEHICLE AND TRAFFIC LAWS,PL 1200001,M,112,0.0,25-44,M,WHITE
464,40.71596275,-73.85711704,175.0,"SEXUAL ABUSE 3,2",SEX CRIMES,PL 1200001,M,112,0.0,25-44,M,WHITE HISPANIC
465,40.71596275,-73.84595218,109.0,"ASSAULT 2,1,UNCLASSIFIED",FELONY ASSAULT,PL 1552500,M,112,0.0,25-44,M,BLACK
466,40.71596275,-73.83478732,567.0,"MARIJUANA, POSSESSION 4 & 5",DANGEROUS DRUGS,PL 2211001,M,107,0.0,25-44,M,WHITE
467,40.71596275,-73.82362246000001,922.0,ASSAULT 3,DANGEROUS DRUGS,PL 2211001,M,107,0.0,25-44,M,WHITE
468,40.71596275,-73.8124576,922.0,ASSAULT 3,DANGEROUS DRUGS,PL 1200001,M,107,0.0,25-44,M,BLACK
469,40.71596275,-73.80129274000001,922.0,"TRAFFIC,UNCLASSIFIED MISDEMEAN",VEHICLE AND TRAFFIC LAWS,VTL0511001,M,107,0.0,25-44,M,BLACK
470,40.71596275,-73.79012788,922.0,"INTOXICATED DRIVING,ALCOHOL",DANGEROUS DRUGS,PL 2211001,M,107,0.0,18-24,M,WHITE
471,40.71596275,-73.77896302,567.0,"MARIJUANA, POSSESSION 4 & 5",DANGEROUS DRUGS,PL 2211001,M,107,0.0,25-44,M,BLACK
472,40.71596275,-73.76779816000001,101.0,ASSAULT 3,DANGEROUS DRUGS,PL 1200001,M,107,0.0,25-44,M,BLACK
473,40.71596275,-73.7566333,101.0,ASSAULT 3,DANGEROUS DRUGS,PL 1200001,M,105,0.0,25-44,M,BLACK
474,40.71596275,-73.74546844000001,101.0,ASSAULT 3,ASSAULT 3 & RELATED OFFENSES,PL 1200001,F,105,0.0,25-44,M,BLACK
475,40.71596275,-73.73430358,101.0,ASSAULT 3,DANGEROUS DRUGS,PL 1200001,M,105,0.0,25-44,M,BLACK
476,40.71596275,-73.72313872000001,847.0,"NY STATE LAWS,UNCLASSIFIED FELONY",OTHER STATE LAWS,PL 2300000,M,105,0.0,25-44,M,WHITE
477,40.7266075,-74.01342508,439.0,"INTOXICATED DRIVING,ALCOHOL",DANGEROUS DRUGS,PL 1552500,M,6,0.0,25-44,M,BLACK
478,40.7266075,-74.00226022,339.0,"THEFT OF SERVICES, UNCLASSIFIED",DANGEROUS DRUGS,PL 1552500,M,6,0.0,25-44,M,BLACK
479,40.7266075,-73.99109536,339.0,"THEFT OF SERVICES, UNCLASSIFIED",PETIT LARCENY,PL 1552500,M,13,0.0,25-44,M,BLACK
480,40.7266075,-73.9799305,101.0,ASSAULT 3,DANGEROUS DRUGS,PL 1200001,M,9,0.0,25-44,M,BLACK
481,40.7266075,-73.96876564,101.0,ASSAULT 3,DANGEROUS DRUGS,PL 1200001,M,94,0.0,25-44,M,WHITE
482,40.7266075,-73.95760078,339.0,ASSAULT 3,ASSAULT 3 & RELATED OFFENSES,PL 1552500,M,94,0.0,25-44,M,WHITE
483,40.7266075,-73.94643592,101.0,ASSAULT 3,ASSAULT 3 & RELATED OFFENSES,PL 1200001,M,108,0.0,25-44,M,WHITE HISPANIC
484,40.7266075,-73.93527106,905.0,"INTOXICATED DRIVING,ALCOHOL",ASSAULT 3 & RELATED OFFENSES,PL 1200001,M,108,0.0,25-44,M,WHITE HISPANIC
485,40.7266075,-73.9241062,101.0,ASSAULT 3,ASSAULT 3 & RELATED OFFENSES,PL 1200001,M,108,0.0,25-44,M,WHITE HISPANIC
486,40.7266075,-73.91294134,905.0,"INTOXICATED DRIVING,ALCOHOL",DANGEROUS DRUGS,VTL0511001,M,108,0.0,25-44,M,WHITE HISPANIC
487,40.7266075,-73.90177648000001,101.0,ASSAULT 3,ASSAULT 3 & RELATED OFFENSES,PL 1200001,M,104,0.0,25-44,M,WHITE
488,40.7266075,-73.89061162,101.0,ASSAULT 3,ASSAULT 3 & RELATED OFFENSES,PL 1200001,M,104,0.0,25-44,M,WHITE HISPANIC
489,40.7266075,-73.87944676000001,339.0,"LARCENY,PETIT FROM OPEN AREAS,UNCLASSIFIED",PETIT LARCENY,PL 1552500,M,110,0.0,25-44,M,WHITE HISPANIC
490,40.7266075,-73.8682819,339.0,"LARCENY,PETIT FROM OPEN AREAS,UNCLASSIFIED",PETIT LARCENY,PL 1552500,M,112,0.0,25-44,M,WHITE HISPANIC
491,40.7266075,-73.85711704,101.0,ASSAULT 3,ASSAULT 3 & RELATED OFFENSES,PL 1552500,M,112,0.0,25-44,M,WHITE
492,40.7266075,-73.84595218,905.0,"INTOXICATED DRIVING,ALCOHOL",INTOXICATED & IMPAIRED DRIVING,VTL11920U2,M,112,0.0,25-44,M,WHITE
493,40.7266075,-73.83478732,101.0,ASSAULT 3,DANGEROUS DRUGS,PL 1200001,M,107,0.0,25-44,M,WHITE
494,40.7266075,-73.82362246000001,567.0,"MARIJUANA, POSSESSION 4 & 5",DANGEROUS DRUGS,PL 2211001,M,107,2.0,25-44,M,BLACK
495,40.7266075,-73.8124576,101.0,ASSAULT 3,ASSAULT 3 & RELATED OFFENSES,PL 1200001,M,107,0.0,25-44,M,BLACK
496,40.7266075,-73.80129274000001,922.0,ASSAULT 3,DANGEROUS DRUGS,PL 1200001,M,107,0.0,25-44,M,WHITE
497,40.7266075,-73.79012788,922.0,"TRAFFIC,UNCLASSIFIED MISDEMEAN",DANGEROUS DRUGS,VTL0511001,M,107,0.0,25-44,M,WHITE
498,40.7266075,-73.77896302,922.0,"TRAFFIC,UNCLASSIFIED MISDEMEAN",DANGEROUS DRUGS,VTL0511001,M,107,0.0,25-44,M,WHITE HISPANIC
499,40.7266075,-73.76779816000001,922.0,"TRAFFIC,UNCLASSIFIED MISDEMEAN",VEHICLE AND TRAFFIC LAWS,VTL0511001,M,111,0.0,25-44,M,WHITE
500,40.7266075,-73.7566333,101.0,ASSAULT 3,DANGEROUS DRUGS,PL 1200001,M,105,0.0,25-44,M,BLACK
501,40.7266075,-73.74546844000001,339.0,ASSAULT 3,DANGEROUS DRUGS,PL 1552500,M,105,0.0,25-44,M,BLACK
502,40.7266075,-73.73430358,101.0,ASSAULT 3,DANGEROUS DRUGS,PL 1200001,M,105,0.0,25-44,M,ASIAN / PACIFIC ISLANDER
503,40.7266075,-73.72313872000001,922.0,ASSAULT 3,DANGEROUS DRUGS,PL 1200001,M,105,0.0,25-44,M,ASIAN / PACIFIC ISLANDER
504,40.7266075,-73.71197386,101.0,ASSAULT 3,ASSAULT 3 & RELATED OFFENSES,PL 1200001,M,105,0.0,25-44,M,ASIAN / PACIFIC ISLANDER
505,40.737252250000004,-74.01342508,49.0,"INTOXICATED DRIVING,ALCOHOL",DANGEROUS DRUGS,FOA9000049,M,10,0.0,25-44,M,BLACK
506,40.737252250000004,-74.00226022,339.0,"THEFT OF SERVICES, UNCLASSIFIED",PETIT LARCENY,PL 1552500,M,10,0.0,25-44,M,BLACK
507,40.737252250000004,-73.99109536,478.0,"THEFT OF SERVICES, UNCLASSIFIED",OTHER OFFENSES RELATED TO THEFT,PL 1651503,M,13,0.0,25-44,M,BLACK
508,40.737252250000004,-73.9799305,101.0,ASSAULT 3,DANGEROUS DRUGS,PL 2200300,M,13,0.0,25-44,M,BLACK
509,40.737252250000004,-73.96876564,567.0,"MARIJUANA, POSSESSION 4 & 5",DANGEROUS DRUGS,PL 2211001,M,108,0.0,25-44,M,WHITE HISPANIC
510,40.737252250000004,-73.95760078,101.0,ASSAULT 3,ASSAULT 3 & RELATED OFFENSES,PL 1200001,M,108,0.0,25-44,M,WHITE HISPANIC
511,40.737252250000004,-73.94643592,101.0,ASSAULT 3,ASSAULT 3 & RELATED OFFENSES,PL 1200001,M,108,0.0,25-44,M,WHITE HISPANIC
512,40.737252250000004,-73.93527106,922.0,ASSAULT 3,ASSAULT 3 & RELATED OFFENSES,PL 1200001,M,108,0.0,25-44,M,WHITE HISPANIC
513,40.737252250000004,-73.9241062,101.0,ASSAULT 3,ASSAULT 3 & RELATED OFFENSES,PL 1200001,M,108,0.0,25-44,M,WHITE HISPANIC
514,40.737252250000004,-73.91294134,101.0,ASSAULT 3,ASSAULT 3 & RELATED OFFENSES,PL 1200001,M,108,0.0,25-44,M,WHITE HISPANIC
515,40.737252250000004,-73.90177648000001,478.0,"NY STATE LAWS,UNCLASSIFIED VIOLATION",OTHER STATE LAWS,PL 1651503,M,108,0.0,25-44,M,WHITE HISPANIC
516,40.737252250000004,-73.89061162,101.0,ASSAULT 3,PROSTITUTION & RELATED OFFENSES,PL 1200001,M,110,0.0,25-44,M,WHITE HISPANIC
517,40.737252250000004,-73.87944676000001,101.0,ASSAULT 3,ASSAULT 3 & RELATED OFFENSES,PL 1200001,M,110,0.0,25-44,M,WHITE HISPANIC
518,40.737252250000004,-73.8682819,101.0,ASSAULT 3,ASSAULT 3 & RELATED OFFENSES,PL 1200001,M,110,0.0,25-44,M,WHITE HISPANIC
519,40.737252250000004,-73.85711704,101.0,ASSAULT 3,DANGEROUS DRUGS,PL 1200001,M,110,0.0,25-44,M,WHITE HISPANIC
520,40.737252250000004,-73.84595218,905.0,"INTOXICATED DRIVING,ALCOHOL",INTOXICATED & IMPAIRED DRIVING,VTL0511001,M,110,0.0,25-44,M,WHITE HISPANIC
521,40.737252250000004,-73.83478732,101.0,ASSAULT 3,ASSAULT 3 & RELATED OFFENSES,PL 1200001,M,109,0.0,25-44,M,ASIAN / PACIFIC ISLANDER
522,40.737252250000004,-73.82362246000001,101.0,ASSAULT 3,DANGEROUS DRUGS,PL 1200001,M,109,0.0,25-44,M,ASIAN / PACIFIC ISLANDER
523,40.737252250000004,-73.8124576,101.0,ASSAULT 3,DANGEROUS DRUGS,PL 1200001,M,109,0.0,25-44,M,WHITE HISPANIC
524,40.737252250000004,-73.80129274000001,922.0,"MARIJUANA, POSSESSION 4 & 5",DANGEROUS DRUGS,PL 2211001,M,111,0.0,25-44,M,WHITE HISPANIC
525,40.737252250000004,-73.79012788,339.0,"LARCENY,PETIT FROM OPEN AREAS,UNCLASSIFIED",PETIT LARCENY,PL 1552500,M,107,0.0,25-44,M,WHITE
526,40.737252250000004,-73.77896302,511.0,"INTOXICATED DRIVING,ALCOHOL",DANGEROUS DRUGS,PL 2200300,M,111,0.0,25-44,M,WHITE
527,40.737252250000004,-73.76779816000001,101.0,ASSAULT 3,ASSAULT 3 & RELATED OFFENSES,PL 1200001,M,111,0.0,25-44,M,WHITE
528,40.737252250000004,-73.7566333,101.0,ASSAULT 3,DANGEROUS DRUGS,PL 1200001,M,111,0.0,25-44,M,WHITE
529,40.737252250000004,-73.74546844000001,567.0,"MARIJUANA, POSSESSION 4 & 5",DANGEROUS DRUGS,PL 2211001,M,111,0.0,<18,M,ASIAN / PACIFIC ISLANDER
530,40.737252250000004,-73.73430358,905.0,"INTOXICATED DRIVING,ALCOHOL",INTOXICATED & IMPAIRED DRIVING,PL 1200001,M,105,0.0,25-44,M,BLACK
531,40.737252250000004,-73.72313872000001,339.0,ASSAULT 3,DANGEROUS DRUGS,PL 1552500,M,105,0.0,25-44,M,ASIAN / PACIFIC ISLANDER
532,40.737252250000004,-73.71197386,101.0,ASSAULT 3,ASSAULT 3 & RELATED OFFENSES,PL 1200001,M,105,0.0,25-44,M,ASIAN / PACIFIC ISLANDER
533,40.747897,-74.01342508,511.0,"CONTROLLED SUBSTANCE, POSSESSION 7",DANGEROUS DRUGS,PL 2200300,M,10,0.0,25-44,M,WHITE
534,40.747897,-74.00226022,339.0,"NY STATE LAWS,UNCLASSIFIED VIOLATION",DANGEROUS DRUGS,PL 1552500,M,14,0.0,25-44,M,BLACK
535,40.747897,-73.99109536,478.0,"THEFT OF SERVICES, UNCLASSIFIED",PETIT LARCENY,PL 1552500,M,14,0.0,25-44,M,BLACK
536,40.747897,-73.9799305,339.0,"LARCENY,PETIT FROM OPEN AREAS,UNCLASSIFIED",PETIT LARCENY,PL 1552500,M,17,0.0,25-44,M,BLACK
537,40.747897,-73.96876564,922.0,ASSAULT 3,ASSAULT 3 & RELATED OFFENSES,PL 1200001,M,17,0.0,25-44,M,WHITE
538,40.747897,-73.95760078,101.0,ASSAULT 3,DANGEROUS DRUGS,PL 1200001,M,114,0.0,25-44,M,BLACK
539,40.747897,-73.94643592,511.0,"CONTROLLED SUBSTANCE, POSSESSION 7",DANGEROUS DRUGS,PL 2200300,M,114,0.0,25-44,M,BLACK
540,40.747897,-73.93527106,101.0,ASSAULT 3,DANGEROUS DRUGS,PL 1200001,M,114,0.0,25-44,M,WHITE HISPANIC
541,40.747897,-73.9241062,339.0,"THEFT OF SERVICES, UNCLASSIFIED",PETIT LARCENY,PL 1552500,M,114,0.0,25-44,M,WHITE HISPANIC
542,40.747897,-73.91294134,339.0,"LARCENY,PETIT FROM OPEN AREAS,UNCLASSIFIED",PETIT LARCENY,PL 1552500,M,114,0.0,25-44,M,WHITE HISPANIC
543,40.747897,-73.90177648000001,101.0,ASSAULT 3,ASSAULT 3 & RELATED OFFENSES,PL 1200001,M,115,0.0,25-44,M,WHITE HISPANIC
544,40.747897,-73.89061162,101.0,ASSAULT 3,ASSAULT 3 & RELATED OFFENSES,PL 1200001,M,115,0.0,25-44,M,WHITE HISPANIC
545,40.747897,-73.87944676000001,101.0,ASSAULT 3,ASSAULT 3 & RELATED OFFENSES,PL 1200001,M,115,0.0,25-44,M,WHITE HISPANIC
546,40.747897,-73.8682819,101.0,ASSAULT 3,ASSAULT 3 & RELATED OFFENSES,PL 1200001,M,115,0.0,25-44,M,WHITE HISPANIC
547,40.747897,-73.85711704,101.0,ASSAULT 3,DANGEROUS DRUGS,PL 1200001,M,115,0.0,25-44,M,WHITE HISPANIC
548,40.747897,-73.84595218,567.0,"MARIJUANA, POSSESSION 4 & 5",DANGEROUS DRUGS,PL 2211001,M,110,0.0,25-44,M,WHITE
549,40.747897,-73.83478732,339.0,"LARCENY,PETIT FROM OPEN AREAS,UNCLASSIFIED",PETIT LARCENY,PL 1552500,M,109,0.0,25-44,M,ASIAN / PACIFIC ISLANDER
550,40.747897,-73.82362246000001,101.0,ASSAULT 3,ASSAULT 3 & RELATED OFFENSES,PL 1200001,M,109,0.0,25-44,M,ASIAN / PACIFIC ISLANDER
551,40.747897,-73.8124576,101.0,ASSAULT 3,ASSAULT 3 & RELATED OFFENSES,PL 1200001,M,109,0.0,25-44,M,ASIAN / PACIFIC ISLANDER
552,40.747897,-73.80129274000001,922.0,ASSAULT 3,ASSAULT 3 & RELATED OFFENSES,VTL0511001,M,109,0.0,25-44,M,ASIAN / PACIFIC ISLANDER
553,40.747897,-73.79012788,922.0,"TRAFFIC,UNCLASSIFIED MISDEMEAN",VEHICLE AND TRAFFIC LAWS,VTL0511001,M,111,0.0,25-44,M,ASIAN / PACIFIC ISLANDER
554,40.747897,-73.77896302,101.0,ASSAULT 3,ASSAULT 3 & RELATED OFFENSES,PL 1200001,M,111,0.0,25-44,M,ASIAN / PACIFIC ISLANDER
555,40.747897,-73.76779816000001,922.0,"TRAFFIC,UNCLASSIFIED MISDEMEAN",VEHICLE AND TRAFFIC LAWS,VTL0511001,M,111,0.0,25-44,M,WHITE
556,40.747897,-73.7566333,101.0,ASSAULT 3,DANGEROUS DRUGS,PL 1200001,M,111,0.0,<18,M,ASIAN / PACIFIC ISLANDER
557,40.747897,-73.74546844000001,339.0,"LARCENY,PETIT FROM OPEN AREAS,UNCLASSIFIED",PETIT LARCENY,PL 1552500,M,111,0.0,25-44,M,WHITE
558,40.747897,-73.73430358,101.0,ASSAULT 3,ASSAULT 3 & RELATED OFFENSES,PL 1200001,M,111,0.0,25-44,M,WHITE
559,40.747897,-73.72313872000001,101.0,ASSAULT 3,ASSAULT 3 & RELATED OFFENSES,PL 1200001,M,105,0.0,25-44,M,WHITE
560,40.747897,-73.71197386,101.0,ASSAULT 3,FELONY ASSAULT,PL 1200001,M,105,0.0,25-44,M,BLACK
561,40.75854175,-74.01342508,705.0,"FORGERY,ETC.-MISD.",OFFENSES INVOLVING FRAUD,PL 1702000,M,10,0.0,25-44,M,WHITE
562,40.75854175,-74.00226022,511.0,"CONTROLLED SUBSTANCE, POSSESSION 7",DANGEROUS DRUGS,PL 2200300,M,18,0.0,25-44,M,BLACK
563,40.75854175,-73.99109536,478.0,"THEFT OF SERVICES, UNCLASSIFIED",GRAND LARCENY,PL 1651503,M,18,0.0,25-44,M,BLACK
564,40.75854175,-73.9799305,339.0,"LARCENY,PETIT FROM OPEN AREAS,UNCLASSIFIED",PETIT LARCENY,PL 1552500,M,18,0.0,25-44,M,BLACK
565,40.75854175,-73.96876564,439.0,"LARCENY,GRAND FROM OPEN AREAS,UNCLASSIFIED",GRAND LARCENY,PL 1552500,M,19,0.0,25-44,M,BLACK
566,40.75854175,-73.95760078,101.0,ASSAULT 3,ASSAULT 3 & RELATED OFFENSES,PL 1200001,M,19,0.0,25-44,M,BLACK
567,40.75854175,-73.94643592,567.0,"MARIJUANA, POSSESSION 4 & 5",DANGEROUS DRUGS,PL 2211001,M,114,0.0,25-44,M,BLACK
568,40.75854175,-73.93527106,101.0,ASSAULT 3,DANGEROUS DRUGS,PL 1200001,M,114,0.0,25-44,M,BLACK
569,40.75854175,-73.9241062,101.0,ASSAULT 3,ASSAULT 3 & RELATED OFFENSES,PL 1200001,M,114,0.0,25-44,M,WHITE HISPANIC
570,40.75854175,-73.91294134,922.0,ASSAULT 3,DANGEROUS DRUGS,PL 1200001,M,114,0.0,25-44,M,WHITE HISPANIC
571,40.75854175,-73.90177648000001,101.0,ASSAULT 3,ASSAULT 3 & RELATED OFFENSES,PL 1200001,M,115,0.0,25-44,M,WHITE HISPANIC
572,40.75854175,-73.89061162,101.0,ASSAULT 3,DANGEROUS DRUGS,PL 2211001,M,115,0.0,25-44,M,WHITE HISPANIC
573,40.75854175,-73.87944676000001,101.0,ASSAULT 3,DANGEROUS DRUGS,PL 1200001,M,115,0.0,25-44,M,WHITE HISPANIC
574,40.75854175,-73.8682819,101.0,ASSAULT 3,DANGEROUS DRUGS,PL 1200001,M,115,0.0,25-44,M,WHITE HISPANIC
575,40.75854175,-73.85711704,567.0,"MARIJUANA, POSSESSION 4 & 5",DANGEROUS DRUGS,PL 2211001,M,110,0.0,18-24,M,WHITE HISPANIC
576,40.75854175,-73.84595218,905.0,"INTOXICATED DRIVING,ALCOHOL",DANGEROUS DRUGS,PL 2200300,M,109,0.0,25-44,M,ASIAN / PACIFIC ISLANDER
577,40.75854175,-73.83478732,339.0,ASSAULT 3,PETIT LARCENY,PL 1552500,M,109,0.0,25-44,M,ASIAN / PACIFIC ISLANDER
578,40.75854175,-73.82362246000001,101.0,ASSAULT 3,ASSAULT 3 & RELATED OFFENSES,PL 1200001,M,109,0.0,25-44,M,ASIAN / PACIFIC ISLANDER
579,40.75854175,-73.8124576,101.0,ASSAULT 3,ASSAULT 3 & RELATED OFFENSES,PL 1200001,M,109,0.0,25-44,M,ASIAN / PACIFIC ISLANDER
580,40.75854175,-73.80129274000001,101.0,ASSAULT 3,ASSAULT 3 & RELATED OFFENSES,PL 1200001,M,109,0.0,25-44,M,ASIAN / PACIFIC ISLANDER
581,40.75854175,-73.79012788,101.0,ASSAULT 3,DANGEROUS DRUGS,PL 1200001,M,111,0.0,25-44,M,WHITE
582,40.75854175,-73.77896302,905.0,"INTOXICATED DRIVING,ALCOHOL",INTOXICATED & IMPAIRED DRIVING,VTL11920U2,M,111,0.0,25-44,M,WHITE
583,40.75854175,-73.76779816000001,922.0,"TRAFFIC,UNCLASSIFIED MISDEMEAN",VEHICLE AND TRAFFIC LAWS,VTL0511001,M,111,0.0,25-44,M,WHITE
584,40.75854175,-73.7566333,922.0,"TRAFFIC,UNCLASSIFIED MISDEMEAN",VEHICLE AND TRAFFIC LAWS,VTL0511001,M,111,0.0,25-44,M,WHITE
585,40.75854175,-73.74546844000001,922.0,"TRAFFIC,UNCLASSIFIED MISDEMEAN",VEHICLE AND TRAFFIC LAWS,VTL0511001,M,111,0.0,25-44,M,WHITE
586,40.75854175,-73.73430358,922.0,"TRAFFIC,UNCLASSIFIED MISDEMEAN",VEHICLE AND TRAFFIC LAWS,VTL0511001,M,111,0.0,25-44,M,WHITE
587,40.75854175,-73.72313872000001,905.0,"INTOXICATED DRIVING,ALCOHOL",INTOXICATED & IMPAIRED DRIVING,VTL11920U2,M,111,0.0,25-44,M,WHITE
588,40.7691865,-74.00226022,511.0,"CONTROLLED SUBSTANCE, POSSESSION 7",DANGEROUS DRUGS,PL 2200300,M,18,0.0,25-44,M,WHITE
589,40.7691865,-73.99109536,339.0,"LARCENY,PETIT FROM OPEN AREAS,UNCLASSIFIED",PETIT LARCENY,PL 1552500,M,20,0.0,25-44,M,BLACK
590,40.7691865,-73.9799305,848.0,"NY STATE LAWS,UNCLASSIFIED MISDEMEANOR",OTHER STATE LAWS (NON PENAL LAW),LOC00000UM,M,20,0.0,25-44,M,WHITE
591,40.7691865,-73.96876564,339.0,"TRAFFIC,UNCLASSIFIED MISDEMEAN",PETIT LARCENY,PL 1552500,M,19,0.0,25-44,M,BLACK
592,40.7691865,-73.95760078,339.0,"LARCENY,PETIT FROM OPEN AREAS,UNCLASSIFIED",PETIT LARCENY,PL 1552500,M,19,0.0,25-44,M,BLACK
593,40.7691865,-73.94643592,567.0,ASSAULT 3,DANGEROUS DRUGS,PL 2211001,M,114,0.0,25-44,M,BLACK
594,40.7691865,-73.93527106,567.0,"MARIJUANA, POSSESSION 4 & 5",DANGEROUS DRUGS,PL 2211001,M,114,0.0,25-44,M,BLACK
595,40.7691865,-73.9241062,101.0,ASSAULT 3,ASSAULT 3 & RELATED OFFENSES,PL 1200001,M,114,0.0,25-44,M,BLACK
596,40.7691865,-73.91294134,101.0,ASSAULT 3,ASSAULT 3 & RELATED OFFENSES,PL 1200001,M,114,0.0,25-44,M,WHITE
597,40.7691865,-73.90177648000001,848.0,ASSAULT 3,DANGEROUS DRUGS,CPL5700600,M,114,0.0,25-44,M,WHITE
598,40.7691865,-73.89061162,567.0,"MARIJUANA, POSSESSION 4 & 5",DANGEROUS DRUGS,PL 2211001,M,114,0.0,25-44,M,WHITE
599,40.7691865,-73.87944676000001,922.0,"WEAPONS, POSSESSION, ETC",DANGEROUS WEAPONS,PL 2650101,M,115,3.0,25-44,M,BLACK
600,40.7691865,-73.85711704,101.0,ASSAULT 3,ASSAULT 3 & RELATED OFFENSES,PL 1200001,M,109,0.0,25-44,M,WHITE HISPANIC
601,40.7691865,-73.84595218,339.0,"LARCENY,PETIT FROM OPEN AREAS,UNCLASSIFIED",PETIT LARCENY,PL 1552500,M,109,0.0,25-44,M,WHITE HISPANIC
602,40.7691865,-73.83478732,101.0,ASSAULT 3,DANGEROUS DRUGS,PL 1200001,M,109,0.0,25-44,M,WHITE HISPANIC
603,40.7691865,-73.82362246000001,101.0,ASSAULT 3,ASSAULT 3 & RELATED OFFENSES,PL 1200001,M,109,0.0,25-44,M,ASIAN / PACIFIC ISLANDER
604,40.7691865,-73.8124576,101.0,ASSAULT 3,ASSAULT 3 & RELATED OFFENSES,PL 1200001,M,109,0.0,25-44,M,WHITE
605,40.7691865,-73.80129274000001,101.0,ASSAULT 3,ASSAULT 3 & RELATED OFFENSES,PL 1200001,M,109,0.0,25-44,M,WHITE
606,40.7691865,-73.79012788,101.0,ASSAULT 3,ASSAULT 3 & RELATED OFFENSES,PL 1200001,M,111,0.0,25-44,M,WHITE
607,40.7691865,-73.77896302,339.0,"LARCENY,PETIT FROM OPEN AREAS,UNCLASSIFIED",DANGEROUS DRUGS,PL 1552500,M,111,0.0,25-44,M,WHITE
608,40.7691865,-73.76779816000001,101.0,ASSAULT 3,ASSAULT 3 & RELATED OFFENSES,PL 1200001,M,111,0.0,25-44,M,WHITE HISPANIC
609,40.7691865,-73.7566333,905.0,"INTOXICATED DRIVING,ALCOHOL",ASSAULT 3 & RELATED OFFENSES,PL 1750503,M,111,0.0,25-44,M,WHITE
610,40.7691865,-73.74546844000001,922.0,"TRAFFIC,UNCLASSIFIED MISDEMEAN",VEHICLE AND TRAFFIC LAWS,VTL0511001,M,111,0.0,25-44,M,ASIAN / PACIFIC ISLANDER
611,40.7691865,-73.73430358,922.0,"TRAFFIC,UNCLASSIFIED MISDEMEAN",VEHICLE AND TRAFFIC LAWS,VTL0511001,M,111,0.0,25-44,M,ASIAN / PACIFIC ISLANDER
612,40.77983125,-73.99109536,922.0,"TRAFFIC,UNCLASSIFIED MISDEMEAN",VEHICLE AND TRAFFIC LAWS,PL 1552500,M,20,0.0,25-44,M,BLACK
613,40.77983125,-73.9799305,339.0,"LARCENY,PETIT FROM OPEN AREAS,UNCLASSIFIED",PETIT LARCENY,PL 1552500,M,20,0.0,25-44,M,BLACK
614,40.77983125,-73.96876564,922.0,"NY STATE LAWS,UNCLASSIFIED MISDEMEANOR",DANGEROUS DRUGS,VTL0511001,M,22,0.0,25-44,M,BLACK
615,40.77983125,-73.95760078,101.0,ASSAULT 3,ASSAULT 3 & RELATED OFFENSES,PL 1200001,M,23,0.0,25-44,M,BLACK
616,40.77983125,-73.94643592,567.0,"MARIJUANA, POSSESSION 4 & 5",DANGEROUS DRUGS,PL 2211001,M,23,0.0,25-44,M,BLACK
617,40.77983125,-73.93527106,511.0,"CONTROLLED SUBSTANCE, POSSESSION 7",DANGEROUS DRUGS,PL 2200300,M,25,97.0,25-44,M,BLACK
618,40.77983125,-73.9241062,567.0,"MARIJUANA, POSSESSION 4 & 5",DANGEROUS DRUGS,PL 2211001,M,114,0.0,25-44,M,WHITE
619,40.77983125,-73.91294134,101.0,ASSAULT 3,DANGEROUS DRUGS,PL 1200001,M,114,0.0,25-44,M,WHITE
620,40.77983125,-73.90177648000001,922.0,"TRAFFIC,UNCLASSIFIED MISDEMEANOR",VEHICLE AND TRAFFIC LAWS,VTL0511002,M,114,0.0,18-24,M,WHITE HISPANIC
621,40.77983125,-73.89061162,49.0,"US CODE,UNCLASSIFIED",F.C.A. P.I.N.O.S.,FOA9000049,F,114,0.0,25-44,M,BLACK
622,40.77983125,-73.8682819,49.0,U.S. CODE UNCLASSIFIED,FOR OTHER AUTHORITIES,FOA9000049,F,109,0.0,25-44,M,BLACK
623,40.77983125,-73.85711704,101.0,ASSAULT 3,DANGEROUS DRUGS,PL 1200001,M,109,0.0,25-44,M,WHITE HISPANIC
624,40.77983125,-73.84595218,101.0,ASSAULT 3,DANGEROUS DRUGS,PL 1200001,M,109,0.0,25-44,M,WHITE HISPANIC
625,40.77983125,-73.83478732,339.0,"LARCENY,PETIT FROM OPEN AREAS,UNCLASSIFIED",PETIT LARCENY,PL 1552500,M,109,0.0,25-44,M,WHITE HISPANIC
626,40.77983125,-73.82362246000001,339.0,ASSAULT 3,ASSAULT 3 & RELATED OFFENSES,PL 1552500,M,109,0.0,25-44,M,WHITE
627,40.77983125,-73.8124576,511.0,"CONTROLLED SUBSTANCE, POSSESSION 7",DANGEROUS DRUGS,PL 2200300,M,109,0.0,25-44,M,WHITE
628,40.77983125,-73.80129274000001,511.0,"CONTROLLED SUBSTANCE, POSSESSION 7",DANGEROUS DRUGS,PL 2200300,M,109,0.0,25-44,M,WHITE
629,40.77983125,-73.79012788,905.0,"INTOXICATED DRIVING,ALCOHOL",ASSAULT 3 & RELATED OFFENSES,PL 1200001,M,109,0.0,25-44,M,WHITE
630,40.77983125,-73.77896302,779.0,ASSAULT 3,MISCELLANEOUS PENAL LAW,PL 1200001,M,109,0.0,25-44,M,WHITE
631,40.77983125,-73.7566333,339.0,"LARCENY,PETIT FROM OPEN AREAS,UNCLASSIFIED",PETIT LARCENY,PL 1552500,M,111,0.0,18-24,M,WHITE
632,40.790476,-73.9799305,339.0,"NY STATE LAWS,UNCLASSIFIED VIOLATION",PETIT LARCENY,PL 1552500,M,24,0.0,25-44,M,BLACK
633,40.790476,-73.96876564,339.0,ASSAULT 3,DANGEROUS DRUGS,PL 1552500,M,24,0.0,25-44,M,BLACK
634,40.790476,-73.95760078,511.0,"CONTROLLED SUBSTANCE, POSSESSION 7",DANGEROUS DRUGS,PL 2200300,M,28,0.0,25-44,M,BLACK
635,40.790476,-73.94643592,478.0,"THEFT OF SERVICES, UNCLASSIFIED",DANGEROUS DRUGS,PL 1651503,M,25,0.0,25-44,M,BLACK
636,40.790476,-73.93527106,339.0,"LARCENY,PETIT FROM OPEN AREAS,UNCLASSIFIED",PETIT LARCENY,PL 1552500,M,25,0.0,25-44,M,BLACK
637,40.790476,-73.9241062,203.0,"TRESPASS 3, CRIMINAL",CRIMINAL TRESPASS,PL 140100G,M,40,0.0,25-44,M,BLACK
638,40.790476,-73.91294134,203.0,"TRESPASS 3, CRIMINAL",CRIMINAL TRESPASS,VTL0511001,M,40,0.0,25-44,M,WHITE HISPANIC
639,40.790476,-73.89061162,49.0,U.S. CODE UNCLASSIFIED,FOR OTHER AUTHORITIES,FOA9000049,F,114,0.0,25-44,M,BLACK
640,40.790476,-73.85711704,101.0,ASSAULT 3,DANGEROUS DRUGS,PL 1200001,M,109,0.0,25-44,M,WHITE HISPANIC
641,40.790476,-73.84595218,101.0,ASSAULT 3,DANGEROUS DRUGS,PL 1200001,M,109,0.0,25-44,M,WHITE HISPANIC
642,40.790476,-73.83478732,922.0,"TRAFFIC,UNCLASSIFIED MISDEMEANOR",VEHICLE AND TRAFFIC LAWS,VTL05110A4,M,109,4.0,25-44,M,WHITE HISPANIC
643,40.790476,-73.82362246000001,922.0,"INTOXICATED DRIVING,ALCOHOL",DANGEROUS DRUGS,PL 2211001,M,109,0.0,25-44,M,WHITE
644,40.790476,-73.8124576,101.0,ASSAULT 3,ASSAULT 3 & RELATED OFFENSES,PL 1200001,M,109,0.0,25-44,M,WHITE
645,40.790476,-73.80129274000001,101.0,ASSAULT 3,ASSAULT 3 & RELATED OFFENSES,PL 1200001,M,109,0.0,25-44,M,WHITE
646,40.80112075,-73.9799305,567.0,"MARIJUANA, POSSESSION 4 & 5",DANGEROUS DRUGS,PL 2211001,M,24,0.0,25-44,M,BLACK
647,40.80112075,-73.96876564,339.0,"MARIJUANA, POSSESSION 4 & 5",DANGEROUS DRUGS,PL 1552500,M,26,0.0,25-44,M,BLACK
648,40.80112075,-73.95760078,478.0,"THEFT OF SERVICES, UNCLASSIFIED",DANGEROUS DRUGS,PL 1552500,M,28,0.0,25-44,M,BLACK
649,40.80112075,-73.94643592,511.0,"THEFT OF SERVICES, UNCLASSIFIED",DANGEROUS DRUGS,PL 2200300,M,25,0.0,25-44,M,BLACK
650,40.80112075,-73.93527106,101.0,ASSAULT 3,ASSAULT 3 & RELATED OFFENSES,PL 1200001,M,40,0.0,25-44,M,BLACK
651,40.80112075,-73.9241062,478.0,"THEFT OF SERVICES, UNCLASSIFIED",DANGEROUS DRUGS,PL 1651503,M,40,0.0,25-44,M,WHITE HISPANIC
652,40.80112075,-73.91294134,922.0,ASSAULT 3,DANGEROUS DRUGS,PL 1200001,M,40,0.0,25-44,M,BLACK
653,40.80112075,-73.90177648000001,563.0,PROSTITUTION,PROSTITUTION & RELATED OFFENSES,PL 2300000,M,41,0.0,25-44,M,WHITE HISPANIC
654,40.80112075,-73.89061162,922.0,"CONTROLLED SUBSTANCE, POSSESSION 7",DANGEROUS DRUGS,PL 2200300,M,41,0.0,25-44,M,WHITE HISPANIC
655,40.80112075,-73.87944676000001,759.0,"PUBLIC ADMINISTATION,UNCLASS MISDEMEAN 4",OFFENSES AGAINST PUBLIC ADMINISTRATION,PL 1950500,M,41,72.0,18-24,M,BLACK
656,40.80112075,-73.8682819,567.0,"MARIJUANA, POSSESSION 4 & 5",DANGEROUS DRUGS,PL 2211001,M,43,0.0,25-44,M,WHITE HISPANIC
657,40.80112075,-73.85711704,567.0,"MARIJUANA, POSSESSION 4 & 5",DANGEROUS DRUGS,PL 2211001,M,43,0.0,25-44,M,WHITE HISPANIC
658,40.80112075,-73.83478732,729.0,"FORGERY,ETC.,UNCLASSIFIED-FELONY",FORGERY,PL 1702500,F,45,4.0,25-44,M,WHITE HISPANIC
659,40.80112075,-73.8124576,567.0,"MARIJUANA, POSSESSION 4 & 5",DANGEROUS DRUGS,PL 2211001,M,45,0.0,18-24,M,WHITE
660,40.80112075,-73.80129274000001,269.0,"MISCHIEF,CRIMINAL,    UNCL 2ND",CRIMINAL MISCHIEF & RELATED OF,PL 145001H,F,45,97.0,18-24,M,WHITE
661,40.8117655,-73.96876564,922.0,"TRAFFIC,UNCLASSIFIED MISDEMEAN",VEHICLE AND TRAFFIC LAWS,VTL0511001,M,26,0.0,25-44,M,BLACK
662,40.8117655,-73.95760078,567.0,"MARIJUANA, POSSESSION 4 & 5",DANGEROUS DRUGS,PL 2211001,M,26,0.0,25-44,M,BLACK
663,40.8117655,-73.94643592,922.0,ASSAULT 3,DANGEROUS DRUGS,PL 1200001,M,32,0.0,25-44,M,BLACK
664,40.8117655,-73.93527106,478.0,"THEFT OF SERVICES, UNCLASSIFIED",DANGEROUS DRUGS,PL 1651503,M,40,0.0,25-44,M,BLACK
665,40.8117655,-73.9241062,478.0,"THEFT OF SERVICES, UNCLASSIFIED",DANGEROUS DRUGS,PL 2200300,M,40,0.0,25-44,M,BLACK
666,40.8117655,-73.91294134,101.0,ASSAULT 3,ASSAULT 3 & RELATED OFFENSES,PL 1200001,M,40,0.0,25-44,M,BLACK
667,40.8117655,-73.90177648000001,478.0,"THEFT OF SERVICES, UNCLASSIFIED",DANGEROUS DRUGS,PL 1651503,M,41,0.0,25-44,M,BLACK
668,40.8117655,-73.89061162,511.0,"CONTROLLED SUBSTANCE, POSSESSION 7",DANGEROUS DRUGS,PL 2200300,M,41,0.0,25-44,M,WHITE HISPANIC
669,40.8117655,-73.87944676000001,567.0,"MARIJUANA, POSSESSION 4 & 5",DANGEROUS DRUGS,PL 2211001,M,43,0.0,25-44,M,BLACK
670,40.8117655,-73.8682819,567.0,"MARIJUANA, POSSESSION 4 & 5",DANGEROUS DRUGS,PL 2211001,M,43,0.0,25-44,M,BLACK
671,40.8117655,-73.85711704,567.0,"MARIJUANA, POSSESSION 4 & 5",DANGEROUS DRUGS,PL 2211001,M,43,2.0,25-44,M,BLACK
672,40.8117655,-73.84595218,101.0,ASSAULT 3,DANGEROUS DRUGS,PL 1200001,M,43,2.0,25-44,M,BLACK
673,40.8117655,-73.83478732,567.0,"MARIJUANA, POSSESSION 4 & 5",DANGEROUS DRUGS,PL 2211001,M,45,2.0,25-44,M,BLACK
674,40.8117655,-73.82362246000001,101.0,ASSAULT 3,DANGEROUS DRUGS,PL 1200001,M,45,0.0,25-44,M,WHITE HISPANIC
675,40.8117655,-73.8124576,905.0,"INTOXICATED DRIVING,ALCOHOL",INTOXICATED & IMPAIRED DRIVING,PL 1200001,M,45,0.0,25-44,M,WHITE HISPANIC
676,40.8117655,-73.80129274000001,748.0,"CONTEMPT,CRIMINAL",OFFENSES AGAINST PUBLIC ADMINISTRATION,PL 2155003,M,45,0.0,45-64,M,WHITE
677,40.822410250000004,-73.95760078,567.0,"MARIJUANA, POSSESSION 4 & 5",DANGEROUS DRUGS,PL 2211001,M,30,0.0,25-44,M,BLACK
678,40.822410250000004,-73.94643592,101.0,ASSAULT 3,DANGEROUS DRUGS,PL 1200001,M,30,0.0,25-44,M,BLACK
679,40.822410250000004,-73.93527106,478.0,"THEFT OF SERVICES, UNCLASSIFIED",OTHER OFFENSES RELATED TO THEFT,PL 1651503,M,44,0.0,25-44,M,BLACK
680,40.822410250000004,-73.9241062,101.0,ASSAULT 3,DANGEROUS DRUGS,PL 1200001,M,44,0.0,25-44,M,BLACK
681,40.822410250000004,-73.91294134,101.0,ASSAULT 3,DANGEROUS DRUGS,PL 1200001,M,42,0.0,25-44,M,BLACK
682,40.822410250000004,-73.90177648000001,478.0,"THEFT OF SERVICES, UNCLASSIFIED",DANGEROUS DRUGS,PL 1651503,M,41,0.0,25-44,M,BLACK
683,40.822410250000004,-73.89061162,101.0,ASSAULT 3,DANGEROUS DRUGS,PL 1200001,M,43,0.0,25-44,M,WHITE HISPANIC
684,40.822410250000004,-73.87944676000001,101.0,ASSAULT 3,ASSAULT 3 & RELATED OFFENSES,PL 1200001,M,43,0.0,25-44,M,BLACK
685,40.822410250000004,-73.8682819,567.0,"MARIJUANA, POSSESSION 4 & 5",DANGEROUS DRUGS,PL 2211001,M,43,0.0,25-44,M,BLACK
686,40.822410250000004,-73.85711704,339.0,ASSAULT 3,DANGEROUS DRUGS,PL 1552500,M,43,0.0,25-44,M,WHITE HISPANIC
687,40.822410250000004,-73.84595218,339.0,"LARCENY,PETIT FROM OPEN AREAS,UNCLASSIFIED",PETIT LARCENY,PL 1552500,M,45,0.0,25-44,M,WHITE HISPANIC
688,40.822410250000004,-73.83478732,101.0,ASSAULT 3,ASSAULT 3 & RELATED OFFENSES,PL 1200001,M,45,0.0,25-44,M,BLACK
689,40.822410250000004,-73.82362246000001,101.0,ASSAULT 3,ASSAULT 3 & RELATED OFFENSES,PL 1200001,M,45,0.0,25-44,M,WHITE HISPANIC
690,40.822410250000004,-73.8124576,511.0,"CONTROLLED SUBSTANCE, POSSESSION 7",DANGEROUS DRUGS,PL 2200300,M,45,0.0,18-24,M,WHITE
691,40.833055,-73.95760078,905.0,"INTOXICATED DRIVING,ALCOHOL",INTOXICATED & IMPAIRED DRIVING,VTL11920U2,M,33,0.0,25-44,M,WHITE HISPANIC
692,40.833055,-73.94643592,567.0,"MARIJUANA, POSSESSION 4 & 5",DANGEROUS DRUGS,PL 2211001,M,33,0.0,25-44,M,WHITE HISPANIC
693,40.833055,-73.93527106,567.0,"MARIJUANA, POSSESSION 4 & 5",DANGEROUS DRUGS,PL 2211001,M,44,0.0,25-44,M,BLACK
694,40.833055,-73.9241062,339.0,ASSAULT 3,ASSAULT 3 & RELATED OFFENSES,PL 1552500,M,44,0.0,25-44,M,BLACK
695,40.833055,-73.91294134,567.0,"MARIJUANA, POSSESSION 4 & 5",DANGEROUS DRUGS,PL 2211001,M,44,0.0,25-44,M,BLACK
696,40.833055,-73.90177648000001,922.0,"TRAFFIC,UNCLASSIFIED MISDEMEAN",DANGEROUS DRUGS,VTL0511001,M,42,0.0,25-44,M,BLACK
697,40.833055,-73.89061162,478.0,"THEFT OF SERVICES, UNCLASSIFIED",DANGEROUS DRUGS,PL 1651503,M,42,0.0,25-44,M,BLACK
698,40.833055,-73.87944676000001,101.0,ASSAULT 3,DANGEROUS DRUGS,PL 1200001,M,48,0.0,25-44,M,BLACK
699,40.833055,-73.8682819,339.0,"LARCENY,PETIT FROM OPEN AREAS,UNCLASSIFIED",DANGEROUS DRUGS,PL 1552500,M,43,0.0,25-44,M,BLACK
700,40.833055,-73.85711704,101.0,ASSAULT 3,DANGEROUS DRUGS,PL 1200001,M,43,0.0,25-44,M,WHITE HISPANIC
701,40.833055,-73.84595218,49.0,ASSAULT 3,ASSAULT 3 & RELATED OFFENSES,FOA9000049,M,45,0.0,25-44,M,BLACK
702,40.833055,-73.83478732,922.0,"TRAFFIC,UNCLASSIFIED MISDEMEAN",VEHICLE AND TRAFFIC LAWS,VTL0511001,M,45,0.0,25-44,M,WHITE HISPANIC
703,40.833055,-73.82362246000001,101.0,ASSAULT 3,ASSAULT 3 & RELATED OFFENSES,PL 1200001,M,45,0.0,25-44,M,WHITE
704,40.833055,-73.79012788,101.0,ASSAULT 3,ASSAULT 3 & RELATED OFFENSES,PL 1200001,M,45,0.0,25-44,M,BLACK
705,40.84369975,-73.94643592,922.0,"MARIJUANA, POSSESSION 4 & 5",DANGEROUS DRUGS,PL 2211001,M,33,0.0,25-44,M,WHITE HISPANIC
706,40.84369975,-73.93527106,922.0,"TRAFFIC,UNCLASSIFIED MISDEMEAN",DANGEROUS DRUGS,VTL0511001,M,34,0.0,25-44,M,WHITE HISPANIC
707,40.84369975,-73.9241062,101.0,ASSAULT 3,DANGEROUS DRUGS,PL 1200001,M,46,0.0,25-44,M,BLACK
708,40.84369975,-73.91294134,478.0,"THEFT OF SERVICES, UNCLASSIFIED",DANGEROUS DRUGS,PL 1651503,M,46,0.0,25-44,M,BLACK
709,40.84369975,-73.90177648000001,101.0,ASSAULT 3,ASSAULT 3 & RELATED OFFENSES,PL 1200001,M,48,0.0,25-44,M,BLACK
710,40.84369975,-73.89061162,101.0,ASSAULT 3,DANGEROUS DRUGS,PL 1200001,M,48,0.0,25-44,M,BLACK
711,40.84369975,-73.87944676000001,567.0,"MARIJUANA, POSSESSION 4 & 5",DANGEROUS DRUGS,PL 2211001,M,49,0.0,25-44,M,WHITE HISPANIC
712,40.84369975,-73.8682819,101.0,ASSAULT 3,DANGEROUS DRUGS,PL 1200001,M,49,0.0,25-44,M,WHITE HISPANIC
713,40.84369975,-73.85711704,339.0,"LARCENY,PETIT FROM OPEN AREAS,UNCLASSIFIED",PETIT LARCENY,PL 1552500,M,49,0.0,25-44,M,WHITE
714,40.84369975,-73.84595218,339.0,"LARCENY,PETIT FROM OPEN AREAS,UNCLASSIFIED",PETIT LARCENY,PL 1552500,M,49,0.0,25-44,M,BLACK
715,40.84369975,-73.83478732,101.0,ASSAULT 3,DANGEROUS DRUGS,PL 1200001,M,45,0.0,25-44,M,WHITE HISPANIC
716,40.84369975,-73.82362246000001,905.0,"INTOXICATED DRIVING,ALCOHOL",INTOXICATED & IMPAIRED DRIVING,VTL11920U2,M,45,0.0,25-44,M,WHITE
717,40.84369975,-73.80129274000001,101.0,ASSAULT 3,ASSAULT 3 & RELATED OFFENSES,PL 1200001,M,45,0.0,25-44,M,WHITE
718,40.84369975,-73.79012788,101.0,ASSAULT 3,ASSAULT 3 & RELATED OFFENSES,PL 1200001,M,45,0.0,25-44,M,WHITE
719,40.8543445,-73.94643592,567.0,"MARIJUANA, POSSESSION 4 & 5",DANGEROUS DRUGS,PL 2211001,M,34,0.0,25-44,M,WHITE HISPANIC
720,40.8543445,-73.93527106,567.0,"MARIJUANA, POSSESSION 4 & 5",DANGEROUS DRUGS,PL 2211001,M,34,0.0,25-44,M,WHITE HISPANIC
721,40.8543445,-73.9241062,922.0,"TRAFFIC,UNCLASSIFIED MISDEMEAN",DANGEROUS DRUGS,VTL0511001,M,34,0.0,25-44,M,WHITE HISPANIC
722,40.8543445,-73.91294134,511.0,"MARIJUANA, POSSESSION 4 & 5",DANGEROUS DRUGS,PL 2200300,M,52,0.0,25-44,M,WHITE HISPANIC
723,40.8543445,-73.90177648000001,478.0,"THEFT OF SERVICES, UNCLASSIFIED",DANGEROUS DRUGS,PL 1651503,M,46,0.0,25-44,M,BLACK
724,40.8543445,-73.89061162,922.0,ASSAULT 3,DANGEROUS DRUGS,PL 1200001,M,48,0.0,25-44,M,BLACK
725,40.8543445,-73.87944676000001,567.0,"MARIJUANA, POSSESSION 4 & 5",DANGEROUS DRUGS,PL 2211001,M,49,0.0,25-44,M,WHITE HISPANIC
726,40.8543445,-73.8682819,567.0,"MARIJUANA, POSSESSION 4 & 5",DANGEROUS DRUGS,PL 2211001,M,49,0.0,25-44,M,BLACK
727,40.8543445,-73.85711704,101.0,ASSAULT 3,ASSAULT 3 & RELATED OFFENSES,PL 1200001,M,49,0.0,25-44,M,BLACK
728,40.8543445,-73.84595218,101.0,ASSAULT 3,ASSAULT 3 & RELATED OFFENSES,PL 1200001,M,49,0.0,25-44,M,BLACK
729,40.8543445,-73.83478732,339.0,"LARCENY,PETIT FROM OPEN AREAS,UNCLASSIFIED",PETIT LARCENY,PL 1552500,M,49,0.0,25-44,M,BLACK
730,40.8543445,-73.82362246000001,101.0,ASSAULT 3,ASSAULT 3 & RELATED OFFENSES,PL 1200001,M,45,0.0,25-44,M,BLACK
731,40.8543445,-73.8124576,905.0,"INTOXICATED DRIVING,ALCOHOL",INTOXICATED & IMPAIRED DRIVING,VTL1192U2S,M,45,0.0,25-44,M,WHITE HISPANIC
732,40.8543445,-73.80129274000001,922.0,"TRAFFIC,UNCLASSIFIED MISDEMEAN",VEHICLE AND TRAFFIC LAWS,VTL0511001,M,45,0.0,25-44,M,WHITE HISPANIC
733,40.8543445,-73.79012788,115.0,RECKLESS ENDANGERMENT 2,OFFENSES AGAINST THE PERSON,PL 1202000,M,45,0.0,25-44,M,WHITE HISPANIC
734,40.86498925,-73.93527106,905.0,"INTOXICATED DRIVING,ALCOHOL",DANGEROUS DRUGS,PL 2211001,M,34,0.0,25-44,M,WHITE HISPANIC
735,40.86498925,-73.9241062,567.0,"MARIJUANA, POSSESSION 4 & 5",DANGEROUS DRUGS,PL 2211001,M,34,0.0,25-44,M,WHITE HISPANIC
736,40.86498925,-73.91294134,339.0,"LARCENY,PETIT FROM OPEN AREAS,UNCLASSIFIED",PETIT LARCENY,PL 1552500,M,52,0.0,25-44,M,WHITE HISPANIC
737,40.86498925,-73.90177648000001,478.0,"THEFT OF SERVICES, UNCLASSIFIED",DANGEROUS DRUGS,PL 1651503,M,52,0.0,25-44,M,WHITE HISPANIC
738,40.86498925,-73.89061162,101.0,ASSAULT 3,ASSAULT 3 & RELATED OFFENSES,PL 1200001,M,52,0.0,25-44,M,WHITE HISPANIC
739,40.86498925,-73.87944676000001,567.0,"MARIJUANA, POSSESSION 4 & 5",DANGEROUS DRUGS,PL 2211001,M,52,0.0,25-44,M,BLACK
740,40.86498925,-73.8682819,478.0,"THEFT OF SERVICES, UNCLASSIFIED",DANGEROUS DRUGS,PL 1651503,M,49,0.0,25-44,M,BLACK
741,40.86498925,-73.85711704,922.0,ASSAULT 3,DANGEROUS DRUGS,PL 1200001,M,49,0.0,25-44,M,BLACK
742,40.86498925,-73.84595218,567.0,"MARIJUANA, POSSESSION 4 & 5",DANGEROUS DRUGS,PL 2211001,M,47,0.0,25-44,M,BLACK
743,40.86498925,-73.83478732,339.0,"LARCENY,PETIT FROM OPEN AREAS,UNCLASSIFIED",PETIT LARCENY,PL 1552500,M,45,0.0,25-44,M,BLACK
744,40.86498925,-73.82362246000001,339.0,"LARCENY,PETIT FROM OPEN AREAS,UNCLASSIFIED",PETIT LARCENY,PL 1552500,M,45,0.0,25-44,F,BLACK
745,40.86498925,-73.8124576,101.0,ASSAULT 3,ASSAULT 3 & RELATED OFFENSES,PL 1200001,M,45,0.0,25-44,M,WHITE HISPANIC
746,40.86498925,-73.80129274000001,922.0,"TRAFFIC,UNCLASSIFIED MISDEMEAN",VEHICLE AND TRAFFIC LAWS,VTL0511001,M,45,0.0,18-24,M,WHITE HISPANIC
747,40.875634000000005,-73.9241062,339.0,"INTOXICATED DRIVING,ALCOHOL",ASSAULT 3 & RELATED OFFENSES,PL 1552500,M,50,0.0,25-44,M,WHITE
748,40.875634000000005,-73.91294134,101.0,ASSAULT 3,ASSAULT 3 & RELATED OFFENSES,PL 1200001,M,50,0.0,25-44,M,WHITE HISPANIC
749,40.875634000000005,-73.90177648000001,339.0,"MARIJUANA, POSSESSION 4 & 5",DANGEROUS DRUGS,PL 1552500,M,50,0.0,25-44,M,WHITE HISPANIC
750,40.875634000000005,-73.89061162,101.0,ASSAULT 3,DANGEROUS DRUGS,PL 1200001,M,52,0.0,25-44,M,BLACK
751,40.875634000000005,-73.87944676000001,101.0,ASSAULT 3,DANGEROUS DRUGS,PL 1200001,M,52,0.0,25-44,M,BLACK
752,40.875634000000005,-73.8682819,101.0,ASSAULT 3,DANGEROUS DRUGS,PL 1200001,M,47,0.0,25-44,M,BLACK
753,40.875634000000005,-73.85711704,101.0,ASSAULT 3,DANGEROUS DRUGS,PL 1200001,M,47,0.0,25-44,M,BLACK
754,40.875634000000005,-73.84595218,101.0,ASSAULT 3,ASSAULT 3 & RELATED OFFENSES,PL 1200001,M,47,0.0,25-44,M,BLACK
755,40.875634000000005,-73.83478732,478.0,ASSAULT 3,ASSAULT 3 & RELATED OFFENSES,PL 1651503,M,47,0.0,25-44,M,BLACK
756,40.875634000000005,-73.82362246000001,567.0,"MARIJUANA, POSSESSION 4 & 5",DANGEROUS DRUGS,PL 2211001,M,45,0.0,25-44,M,BLACK
757,40.875634000000005,-73.80129274000001,244.0,"BURGLARY,UNCLASSIFIED,UNKNOWN TIME",BURGLARY,PL 1402000,F,47,0.0,18-24,M,BLACK
758,40.88627875,-73.9241062,567.0,"MARIJUANA, POSSESSION 4 & 5",DANGEROUS DRUGS,PL 2211001,M,50,0.0,18-24,M,WHITE
759,40.88627875,-73.91294134,101.0,ASSAULT 3,DANGEROUS DRUGS,PL 1200001,M,50,0.0,25-44,M,WHITE
760,40.88627875,-73.90177648000001,922.0,"TRAFFIC,UNCLASSIFIED MISDEMEAN",VEHICLE AND TRAFFIC LAWS,VTL0511001,M,50,0.0,25-44,M,WHITE HISPANIC
761,40.88627875,-73.89061162,905.0,"INTOXICATED DRIVING,ALCOHOL",INTOXICATED & IMPAIRED DRIVING,VTL0511001,M,50,0.0,25-44,M,WHITE HISPANIC
762,40.88627875,-73.87944676000001,849.0,"NY STATE LAWS,UNCLASSIFIED VIOLATION",OTHER STATE LAWS,LOC000000V,V,52,1.0,25-44,M,BLACK
763,40.88627875,-73.8682819,101.0,ASSAULT 3,DANGEROUS DRUGS,PL 1651503,M,47,0.0,25-44,M,BLACK
764,40.88627875,-73.85711704,101.0,ASSAULT 3,ASSAULT 3 & RELATED OFFENSES,PL 1200001,M,47,0.0,25-44,M,BLACK
765,40.88627875,-73.84595218,101.0,ASSAULT 3,ASSAULT 3 & RELATED OFFENSES,PL 1200001,M,47,0.0,25-44,M,BLACK
766,40.88627875,-73.83478732,922.0,"TRAFFIC,UNCLASSIFIED MISDEMEAN",VEHICLE AND TRAFFIC LAWS,PL 1651503,M,47,0.0,25-44,M,BLACK
767,40.88627875,-73.82362246000001,905.0,"INTOXICATED DRIVING,ALCOHOL",INTOXICATED & IMPAIRED DRIVING,VTL11920U2,M,47,0.0,25-44,M,WHITE HISPANIC
768,40.88627875,-73.8124576,922.0,"TRAFFIC,UNCLASSIFIED MISDEMEAN",VEHICLE AND TRAFFIC LAWS,VTL0511001,M,45,0.0,25-44,M,WHITE
769,40.8969235,-73.9241062,244.0,"BURGLARY,UNCLASSIFIED,UNKNOWN TIME",BURGLARY,PL 1402000,F,50,0.0,18-24,M,BLACK HISPANIC
770,40.8969235,-73.91294134,922.0,"TRAFFIC,UNCLASSIFIED MISDEMEAN",VEHICLE AND TRAFFIC LAWS,VTL0511001,M,50,0.0,25-44,M,WHITE
771,40.8969235,-73.90177648000001,922.0,"TRAFFIC,UNCLASSIFIED MISDEMEAN",VEHICLE AND TRAFFIC LAWS,VTL0511001,M,50,0.0,25-44,M,WHITE HISPANIC
772,40.8969235,-73.89061162,905.0,"INTOXICATED DRIVING,ALCOHOL",VEHICLE AND TRAFFIC LAWS,VTL11920U2,M,50,0.0,18-24,M,WHITE HISPANIC
773,40.8969235,-73.87944676000001,101.0,ASSAULT 3,ASSAULT 3 & RELATED OFFENSES,PL 1200001,M,47,0.0,25-44,M,WHITE
774,40.8969235,-73.8682819,101.0,ASSAULT 3,DANGEROUS DRUGS,PL 1200001,M,47,0.0,25-44,M,BLACK
775,40.8969235,-73.85711704,849.0,"NY STATE LAWS,UNCLASSIFIED VIOLATION",DANGEROUS DRUGS,LOC000000V,M,47,0.0,25-44,M,BLACK
776,40.8969235,-73.84595218,101.0,ASSAULT 3,ASSAULT 3 & RELATED OFFENSES,PL 1200001,M,47,0.0,25-44,M,BLACK
777,40.907568250000004,-73.91294134,203.0,"TRESPASS 3, CRIMINAL",CRIMINAL TRESPASS,PL 1401000,M,113,3.0,25-44,M,BLACK
778,40.907568250000004,-73.90177648000001,922.0,"MARIJUANA, POSSESSION 4 & 5",DANGEROUS DRUGS,VTL0511001,M,50,0.0,25-44,M,WHITE HISPANIC
779,40.907568250000004,-73.89061162,847.0,"NY STATE LAWS,UNCLASSIFIED FELONY",OTHER STATE LAWS,VTL0511003,F,50,0.0,25-44,M,WHITE
780,40.907568250000004,-73.85711704,49.0,"US CODE,UNCLASSIFIED",F.C.A. P.I.N.O.S.,FOA9000049,F,47,0.0,25-44,M,BLACK
